# Object Export From Tinkercad Server 2015

mtllib obj.mtl

o obj_0
v -9.257 		7.277 		54.667
v -9.293 		7.46 		54.439
v -9.5 		7.253 		54.667
v -10.193 		7.463 		54.667
v -10.089 		7.618 		54.439
v -9.977 		7.348 		54.667
v -9.906 		7.52 		54.439
v -9.743 		7.277 		54.667
v -10.063 		7.141 		55.207
v -9.787 		7.057 		55.207
v -9.77 		7.141 		54.926
v -9.5 		7.029 		55.207
v -9.5 		7.114 		54.926
v -9.23 		7.141 		54.926
v -9.72 		7.97 		54.114
v -9.612 		7.937 		54.114
v -9.388 		7.937 		54.114
v -9.3878 		7.936 		54.1146
v -9.3878 		7.936 		54.1146
v -9.3878 		7.936 		54.1146
v -9.28 		7.97 		54.114
v -9.3878 		7.936 		54.1146
v -9.663 		7.683 		54.253
v -9.5 		7.926 		54.114
v -9.337 		7.683 		54.253
v -9.3878 		7.936 		54.1146
v -10.193 		8.037 		54.253
v -9.977 		8.181 		54.114
v -10.089 		7.911 		54.253
v -9.906 		8.094 		54.114
v -9.963 		7.807 		54.253
v -9.819 		8.023 		54.114
v -9.819 		7.73 		54.253
v -9.5 		7.667 		54.253
v -10.859 		7.937 		55.207
v -10.78 		7.97 		54.926
v -10.723 		7.683 		55.207
v -10.652 		7.73 		54.926
v -10.54 		7.46 		55.207
v -10.48 		7.52 		54.926
v -10.317 		7.277 		55.207
v 0.805 		4.981 		52
v 0.617 		4.924 		52
v 0.617 		4.924 		52.4
v 0.805 		4.981 		52.4
v -10.27 		7.348 		54.926
v 0.444 		4.831 		52
v 0.444 		4.831 		52.4
v 0.293 		4.707 		52
v 0.293 		4.707 		52.4
v 0.169 		4.556 		52
v 0.169 		4.556 		52.4
v 0.076 		4.383 		52
v 0.076 		4.383 		52.4
v 0.019 		4.195 		52
v 0.019 		4.195 		52.4
v 2 		4 		52.4
v 2 		4 		52
v 1.024 		3.0023 		52
v 1.195 		3.019 		52
v 1.195 		3.019 		52.4
v 1.383 		3.076 		52
v 1.383 		3.076 		52.4
v 1.556 		3.169 		52
v 1.556 		3.169 		52.4
v 1.707 		3.293 		52
v 1.707 		3.293 		52.4
v 1.831 		3.444 		52
v 1.831 		3.444 		52.4
v 1.924 		3.617 		52
v 1.924 		3.617 		52.4
v 1.981 		3.805 		52
v 1.981 		3.805 		52.4
v 0 		4 		52
v 0 		4 		52.4
v 0.019 		3.805 		52
v 0.019 		3.805 		52.4
v 0.076 		3.617 		52
v 0.076 		3.617 		52.4
v 0.169 		3.444 		52
v 0.169 		3.444 		52.4
v 0.293 		3.293 		52
v 0.293 		3.293 		52.4
v -10.652 		8.023 		54.667
v 0.444 		3.169 		52
v 0.444 		3.169 		52.4
v 0.617 		3.076 		52
v 0.617 		3.076 		52.4
v -10.48 		8.094 		54.439
v 0.805 		3.019 		52
v 0.805 		3.019 		52.4
v 1 		3 		52
v 1 		3 		52.4
v -10.537 		7.807 		54.667
v -2 		5 		52.4
v -2.195 		4.981 		52.4
v -2.383 		4.924 		52.4
v -2.556 		4.831 		52.4
v -2.707 		4.707 		52.4
v -2.831 		4.556 		52.4
v -2.924 		4.383 		52.4
v -2.981 		4.195 		52.4
v -1.019 		4.195 		52.4
v -1.076 		4.383 		52.4
v -1.169 		4.556 		52.4
v -1.293 		4.707 		52.4
v -1.444 		4.831 		52.4
v -1.617 		4.924 		52.4
v -1.805 		4.981 		52.4
v -10.382 		7.911 		54.439
v -1.019 		3.805 		52.4
v -1 		4 		52.4
v -2 		3 		52.4
v -1.805 		3.019 		52.4
v -1.617 		3.076 		52.4
v -1.444 		3.169 		52.4
v -1.293 		3.293 		52.4
v -1.169 		3.444 		52.4
v -1.076 		3.617 		52.4
v -2.195 		3.019 		52.4
v -3 		4 		52.4
v -2.981 		3.805 		52.4
v -2.924 		3.617 		52.4
v -2.831 		3.444 		52.4
v -2.707 		3.293 		52.4
v -2.556 		3.169 		52.4
v -2.383 		3.076 		52.4
v -1.019 		4.195 		52
v -10.382 		7.618 		54.667
v -1.076 		4.383 		52
v -1.169 		4.556 		52
v -1.293 		4.707 		52
v -1.444 		4.831 		52
v -10.25 		7.75 		54.439
v -1.617 		4.924 		52
v -1.805 		4.981 		52
v -2 		5 		52
v -2.195 		4.981 		52
v -2.383 		4.924 		52
v -2.556 		4.831 		52
v -2.707 		4.707 		52
v -2.831 		4.556 		52
v -2.924 		4.383 		52
v -2.981 		4.195 		52
v -1 		4 		52
v -2.048 		3.0047 		52
v -2 		3 		52
v -1.805 		3.019 		52
v -1.617 		3.076 		52
v -1.444 		3.169 		52
v -1.293 		3.293 		52
v -1.169 		3.444 		52
v -10.27 		8.181 		54.253
v -1.076 		3.617 		52
v -1.019 		3.805 		52
v -3 		4 		52
v -2.981 		3.805 		52
v -2.924 		3.617 		52
v -2.831 		3.444 		52
v -2.707 		3.293 		52
v -2.556 		3.169 		52
v -11 		8.5 		52
v -16 		7.736 		52
v -7 		7 		52
v -9.5 		7 		52
v -7.4807 		-2 		52
v -6 		4 		52
v -6 		6 		52
v 1.4867 		-2 		52
v -5 		3 		52
v -3 		6 		52
v -4 		4 		52
v 0 		6 		52
v 8.4869 		6 		52
v 1 		5 		52
v 1.981 		4.195 		52
v 1.924 		4.383 		52
v 1.831 		4.556 		52
v 1.707 		4.707 		52
v 1.556 		4.831 		52
v 1.383 		4.924 		52
v 1.195 		4.981 		52
v -2.383 		3.076 		52
v -2.195 		3.019 		52
v -5 		5 		52
v -4.019 		4.195 		52
v -4.0094 		4.096 		52
v -4.076 		4.383 		52
v -4.169 		4.556 		52
v -4.293 		4.707 		52
v -4.444 		4.831 		52
v -4.617 		4.924 		52
v -4.805 		4.981 		52
v -5.195 		4.981 		52
v -5.383 		4.924 		52
v -5.556 		4.831 		52
v -5.707 		4.707 		52
v -5.831 		4.556 		52
v -5.924 		4.383 		52
v -5.981 		4.195 		52
v -5.9906 		4.096 		52
v -4.076 		3.617 		52
v -4.096 		3.5798 		52
v -4.019 		3.805 		52
v -5.981 		3.805 		52
v -5.924 		3.617 		52
v -5.831 		3.444 		52
v -5.707 		3.293 		52
v -5.556 		3.169 		52
v -5.383 		3.076 		52
v -5.195 		3.019 		52
v -4.805 		3.019 		52
v -4.617 		3.076 		52
v -4.444 		3.169 		52
v -4.293 		3.293 		52
v -4.169 		3.444 		52
v -4 		7 		52
v -5 		7 		52
v -1 		7 		52
v -2 		7 		52
v 8 		7 		52
v 1 		7 		52
v 0.556 		6.169 		52
v 0.5095 		6.144 		52
v 0.707 		6.293 		52
v 0.831 		6.444 		52
v 0.924 		6.617 		52
v 0.981 		6.805 		52
v -0.981 		6.805 		52
v -0.924 		6.617 		52
v -0.831 		6.444 		52
v -0.707 		6.293 		52
v -0.556 		6.169 		52
v -0.5095 		6.144 		52
v -0.383 		6.076 		52
v -0.195 		6.019 		52
v 0.195 		6.019 		52
v 0.383 		6.076 		52
v -2.019 		6.805 		52
v -2.048 		6.7093 		52
v -2.444 		6.169 		52
v -2.4905 		6.144 		52
v -2.293 		6.293 		52
v -2.169 		6.444 		52
v -2.076 		6.617 		52
v -3.981 		6.805 		52
v -3.924 		6.617 		52
v -3.831 		6.444 		52
v -3.707 		6.293 		52
v -3.556 		6.169 		52
v -3.5095 		6.144 		52
v -3.383 		6.076 		52
v -3.195 		6.019 		52
v -2.805 		6.019 		52
v -2.617 		6.076 		52
v -5.444 		6.169 		52
v -5.4905 		6.144 		52
v -5.293 		6.293 		52
v -5.169 		6.444 		52
v -5.076 		6.617 		52
v -5.019 		6.805 		52
v -6.981 		6.805 		52
v -6.924 		6.617 		52
v -6.831 		6.444 		52
v -6.707 		6.293 		52
v -6.556 		6.169 		52
v -6.5095 		6.144 		52
v -6.383 		6.076 		52
v -6.195 		6.019 		52
v -5.805 		6.019 		52
v -5.617 		6.076 		52
v -10.074 		9.886 		52
v -10 		9.9084 		52
v -10 		9.055 		52
v -10.03 		9.03 		52
v -10.124 		8.917 		52
v -10.193 		8.787 		52
v -10.236 		8.646 		52
v -10.24 		8.6043 		52
v -10.24 		8.3957 		52
v -10.236 		8.354 		52
v -10.193 		8.213 		52
v -10.1819 		8.192 		52
v -10 		8.5 		52
v -10.333 		9.747 		52
v -10.561 		9.561 		52
v -10.747 		9.333 		52
v -10.886 		9.074 		52
v -10.971 		8.793 		52
v -10.971 		8.207 		52
v -10.9665 		8.192 		52
v -10.25 		8.5 		52
v -10.074 		7.114 		52
v -10.24 		7.2031 		52
v -10 		7.0916 		52
v -10.124 		8.083 		52
v -10.03 		7.97 		52
v -10 		7.945 		52
v -10.886 		7.926 		52
v -10.747 		7.667 		52
v -10.561 		7.439 		52
v -10.333 		7.253 		52
v 0.981 		7.195 		52
v 0.924 		7.383 		52
v 0.831 		7.556 		52
v 0.707 		7.707 		52
v 0.556 		7.831 		52
v 0.383 		7.924 		52
v 0.195 		7.981 		52
v 0 		8 		52
v -0.195 		7.981 		52
v -0.383 		7.924 		52
v -0.556 		7.831 		52
v -0.707 		7.707 		52
v -0.831 		7.556 		52
v -0.924 		7.383 		52
v -0.981 		7.195 		52
v -2.019 		7.195 		52
v -2.048 		7.2907 		52
v -2.076 		7.383 		52
v -2.169 		7.556 		52
v -16.999 		-8 		4
v -16.999 		-8 		0
v -16 		-8 		3.5839
v -16 		-8 		3.6935
v -17 		46.7713 		72.6787
v -17 		49 		68.1656
v -17 		41.825 		82.6953
v -17 		49 		0
v -17 		39.4128 		87.5807
v -17 		15.7935 		73.7192
v -17 		13.3291 		75.7354
v -17 		13.3248 		54.1771
v -17 		21.1814 		92
v -16.002 		43.003 		75.694
v -5.805 		10.019 		52
v -5.888 		10.0109 		52
v -16.002 		33.2674 		76.3806
v -16 		33.2674 		76.3806
v -16 		33.387 		76.48
v -16.002 		33.387 		76.48
v -16 		34.1909 		76.3155
v -16 		28.439 		50.881
v -16.002 		28.439 		50.881
v -16 		37.3133 		66.0004
v -16.002 		15.003 		40.998
v -16.002 		15.693 		78.74
v -16.002 		13.531 		75.5702
v -16.002 		15.7935 		73.7192
v -16.002 		15.829 		74
v -16 		15.829 		74
v -16 		14.1212 		60.4812
v -16.002 		13.9498 		59.1242
v -16 		13.9498 		59.1242
v -16.002 		13.3248 		54.1771
v -16 		22.2319 		73.2357
v -16.002 		22.2319 		73.2357
v -16 		27.1606 		77.2753
v -16.002 		15.003 		51.8287
v -16 		15.003 		51.8287
v -16 		15.003 		45.3708
v -17 		5 		0
v -16.999 		5 		0
v -17 		6.3255 		81.4659
v -17 		7.0559 		13.9627
v -17 		11.001 		37.875
v -17 		6.1701 		45.9834
v -17 		10.0912 		78.3846
v -17 		10.2916 		92
v -17 		7.4238 		54.9017
v -17 		5.4122 		4
v -17 		-8 		4
v -17 		7 		14
v -16.002 		6.3255 		81.4659
v -16.002 		9.1403 		40.998
v -16.002 		6.1701 		45.9834
v -16.002 		10.2916 		92
v -16.002 		11.9693 		92
v 7.707 		9.971 		55.5
v 7.713 		9.943 		55.793
v 8 		9.971 		55.793
v -16.002 		8.5398 		79.6541
v -16.002 		7.2817 		80.6835
v -16.002 		9.8893 		78.5498
v 7.437 		9.859 		55.793
v 7.426 		9.886 		55.5
v 7.183 		9.723 		55.793
v -16.002 		7.4238 		54.9017
v -16.999 		5.4122 		4
v -16.999 		5 		1.5019
v -17 		5 		1.5019
v -16 		-8.191 		3.625
v -16 		7.736 		43
v -16 		14 		43
v 7.167 		9.747 		55.5
v -16 		14 		45.7273
v 7.02 		9.48 		56.074
v 6.96 		9.54 		55.793
v 6.939 		9.561 		55.5
v -16 		14 		52
v -16 		14 		50.5061
v 6.848 		9.27 		56.074
v 8.207 		8.707 		54.029
v 27 		-8 		4
v 27 		-8 		0
v 27 		49 		68.1656
v 27 		45.123 		76.0164
v 27 		43.4731 		79.3576
v 27 		49 		0
v 27 		39.4128 		87.5807
v 8.833 		8.5 		54.253
v 8.817 		8.663 		54.253
v 27 		13.3291 		75.7354
v 27 		15.7935 		73.7192
v 27 		21.1814 		92
v 8.817 		8.337 		54.253
v 27 		13.3166 		54.1122
v 8.563 		8.612 		54.114
v 8.574 		8.5 		54.114
v 8.287 		8.557 		54.029
v 26.002 		43.003 		75.694
v 8.293 		8.5 		54.029
v 26.002 		33.387 		76.48
v 26 		33.387 		76.48
v 26 		33.2674 		76.3806
v 26.002 		33.2674 		76.3806
v 8.27 		8.612 		54.029
v 26 		34.1909 		76.3155
v 8.243 		8.663 		54.029
v 26.002 		28.439 		50.881
v 26 		28.439 		50.881
v 26 		37.3133 		66.0004
v 26.003 		15.003 		40.998
v 8.207 		8.293 		54.029
v 26.002 		15.693 		78.74
v 8.243 		8.337 		54.029
v 8.53 		8.28 		54.114
v 26.002 		15.829 		74
v 26.002 		15.7935 		73.7192
v 26.002 		13.531 		75.5702
v 8.27 		8.388 		54.029
v 26.002 		13.5555 		56.003
v 26.003 		13.5555 		56.003
v 26.002 		13.9498 		59.1242
v 8.563 		8.388 		54.114
v 26 		13.9498 		59.1242
v 26 		15.829 		74
v 8.287 		8.443 		54.029
v 26 		27.1606 		77.2753
v 8 		9.971 		55.207
v 26.002 		22.2319 		73.2357
v 26 		22.2319 		73.2357
v 8 		9.886 		54.926
v 26.002 		15.003 		56.003
v 26.003 		15.003 		56.003
v 7.713 		9.943 		55.207
v 26.003 		13.3166 		54.1122
v 7.73 		9.859 		54.926
v 26.002 		15.003 		51.8287
v 26 		15.003 		51.8287
v 7.437 		9.859 		55.207
v 26 		15.003 		45.3708
v 7.47 		9.78 		54.926
v 27 		6.3255 		81.4659
v 7.183 		9.723 		55.207
v 27 		7.0559 		13.9627
v 7.23 		9.652 		54.926
v 27 		11.001 		37.875
v 27 		6.2089 		45.9182
v 27 		6.1618 		45.924
v 27 		10.0912 		78.3846
v 8 		9.747 		54.667
v -2.293 		7.707 		52
v -2.444 		7.831 		52
v -2.617 		7.924 		52
v 8 		9.561 		54.439
v -2.805 		7.981 		52
v -3 		8 		52
v -3.072 		7.993 		52
v -3.195 		7.981 		52
v -3.383 		7.924 		52
v -5 		5 		52.4
v -5.195 		4.981 		52.4
v -5.383 		4.924 		52.4
v -5.556 		4.831 		52.4
v -5.707 		4.707 		52.4
v -5.831 		4.556 		52.4
v -5.924 		4.383 		52.4
v -5.981 		4.195 		52.4
v -3.556 		7.831 		52
v -4.019 		4.195 		52.4
v -4.076 		4.383 		52.4
v -4.169 		4.556 		52.4
v -4.293 		4.707 		52.4
v -4.444 		4.831 		52.4
v -3.707 		7.707 		52
v -4.617 		4.924 		52.4
v -4.805 		4.981 		52.4
v -3.831 		7.556 		52
v -4.019 		3.805 		52.4
v -4 		4 		52.4
v -4.076 		3.617 		52.4
v -8.683 		9.723 		55.793
v -3.924 		7.383 		52
v -3.981 		7.195 		52
v -8.667 		9.747 		55.5
v -5.019 		7.195 		52
v -8.46 		9.54 		55.793
v -5 		3 		52.4
v -4.805 		3.019 		52.4
v -4.617 		3.076 		52.4
v -4.444 		3.169 		52.4
v -4.293 		3.293 		52.4
v -4.169 		3.444 		52.4
v -5.076 		7.383 		52
v -6 		4 		52.4
v -5.981 		3.805 		52.4
v -5.924 		3.617 		52.4
v -5.831 		3.444 		52.4
v -5.707 		3.293 		52.4
v -5.169 		7.556 		52
v -5.556 		3.169 		52.4
v -5.383 		3.076 		52.4
v 27 		10.2916 		92
v -5.195 		3.019 		52.4
v -5.293 		7.707 		52
v -5.444 		7.831 		52
v -5.617 		7.924 		52
v -5.805 		7.981 		52
v -6 		8 		52
v -6.144 		7.986 		52
v -9.23 		7.141 		56.074
v -6.195 		7.981 		52
v -6.383 		7.924 		52
v -6.556 		7.831 		52
v -6.707 		7.707 		52
v -6.831 		7.556 		52
v -10.063 		7.141 		55.793
v -6.924 		7.383 		52
v -6.981 		7.195 		52
v -10.074 		7.114 		55.5
v 8.293 		7.029 		52
v 8.192 		7.019 		52
v 8.574 		7.114 		52
v 8.833 		7.253 		52
v 9.061 		7.439 		52
v -9.787 		7.057 		55.793
v 9.247 		7.667 		52
v 9.386 		7.926 		52
v 9.4084 		8 		52
v 8.192 		7.778 		52
v 8.287 		7.807 		52
v 8.417 		7.876 		52
v 8.53 		7.97 		52
v 8.555 		8 		52
v -9.793 		7.029 		55.5
v 6.614 		7.926 		52
v 6.5916 		8 		52
v 6.753 		7.667 		52
v 6.939 		7.439 		52
v 7.167 		7.253 		52
v 7.426 		7.114 		52
v 7.707 		7.029 		52
v 7.9481 		7.0051 		52
v -9.5 		7.029 		55.793
v 7.445 		8 		52
v 7.47 		7.97 		52
v 7.583 		7.876 		52
v 7.713 		7.807 		52
v 7.854 		7.764 		52
v 8 		7.75 		52
v 8.146 		7.764 		52
v 8 		8 		52
v -8.114 		7.926 		52
v -8.192 		7.7807 		52
v -9.5 		7 		55.5
v -8.0916 		8 		52
v -9.207 		7.029 		52
v -9.216 		7.0281 		52
v -8.926 		7.114 		52
v -8.667 		7.253 		52
v -8.439 		7.439 		52
v -8.253 		7.667 		52
v -9.216 		7.8061 		52
v -9.213 		7.807 		52
v -9.083 		7.876 		52
v -8.97 		7.97 		52
v -8.945 		8 		52
v -9.793 		7.029 		52
v 27 		7.4147 		54.8368
v 27 		7 		14
v 26.002 		6.3255 		81.4659
v -8.937 		9.859 		55.793
v -8.926 		9.886 		55.5
v -10.27 		8.181 		56.747
v 26.003 		6.2089 		45.9182
v 26.003 		6.2238 		45.8932
v 26.0638 		6.2089 		45.9182
v 26.003 		9.1403 		40.998
v -10.48 		8.094 		56.561
v -9.213 		9.943 		55.793
v -9.5519 		7.0051 		52
v -9.2442 		7.0253 		52
v -9.917 		7.876 		52
v -9.787 		7.807 		52
v -9.646 		7.764 		52
v -9.5 		7.75 		52
v -9.354 		7.764 		52
v -9.207 		9.971 		55.5
v -9.5 		8 		52
v -10.652 		8.023 		56.333
v -8 		8.5 		52
v 18.481 		6.805 		52.4
v 18.5 		7 		52.4
v -5.76 		10.0326 		52
v 18.056 		6.169 		52.4
v 18.207 		6.293 		52.4
v 18.331 		6.444 		52.4
v 18.424 		6.617 		52.4
v 16.5 		7 		52.4
v 16.519 		6.805 		52.4
v 26.003 		6.1618 		45.924
v -7 		11 		52
v -6 		10 		52
v 6.5 		8.5 		52
v -5 		11 		52
v -6 		12 		52
v -6.016 		10.0016 		52
v -5.892 		10.0105 		52
v -5.8914 		10.0106 		52
v -5.076 		11.383 		52
v -5.0467 		11.2865 		52
v -5.12 		11.4649 		52
v -5.0464 		11.2855 		52
v -5.0399 		11.264 		52
v -6.144 		10.014 		52
v -5.444 		11.831 		52
v -5.377 		11.776 		52
v -5.504 		11.8633 		52
v -5.617 		11.924 		52
v -5.5798 		11.904 		52
v -5.632 		11.9285 		52
v -5.248 		11.6522 		52
v -5.2446 		11.648 		52
v -5.293 		11.707 		52
v -5.376 		11.7752 		52
v -6.195 		10.019 		52
v -6.272 		10.0424 		52
v -5.169 		11.556 		52
v -5.1497 		11.52 		52
v -5.76 		11.9674 		52
v -5.805 		11.981 		52
v -5.888 		11.9891 		52
v -5.8922 		11.9895 		52
v -6.016 		11.9984 		52
v -6.144 		11.986 		52
v -6.383 		10.076 		52
v -6.4 		10.0851 		52
v -5.019 		11.195 		52
v -5.0008 		11.008 		52
v -5.0117 		10.88 		52
v -5.019 		10.805 		52
v -5.0351 		10.752 		52
v -6.528 		10.154 		52
v -5.076 		10.617 		52
v -5.12 		10.5351 		52
v -5.141 		10.496 		52
v -6.6359 		10.2346 		52
v -6.556 		10.169 		52
v -6.6368 		10.2353 		52
v -5.169 		10.444 		52
v -5.2314 		10.368 		52
v -6.6425 		10.24 		52
v -5.248 		10.3478 		52
v -5.293 		10.293 		52
v -5.3575 		10.24 		52
v 7.426 		9.886 		52.273
v 7.167 		9.747 		52.273
v 6.939 		9.561 		52.273
v 6.753 		9.333 		52.273
v 7.307 		8.213 		52.273
v 7.264 		8.354 		52.273
v 7.25 		8.5 		52.273
v -6.195 		11.981 		52
v 7.264 		8.646 		52.273
v 7.307 		8.787 		52.273
v -6.272 		11.9576 		52
v 7.376 		8.917 		52.273
v 7.47 		9.03 		52.273
v 6.529 		8.207 		52.273
v 6.5 		8.5 		52.273
v 6.529 		8.793 		52.273
v 6.614 		9.074 		52.273
v 7.376 		8.083 		52.273
v -6.383 		11.924 		52
v -6.2865 		11.9533 		52
v 7.5 		9.9084 		52
v -6.4 		11.9149 		52
v 7.426 		9.886 		52
v 7.167 		9.747 		52
v -6.2854 		11.9536 		52
v 6.939 		9.561 		52
v 6.753 		9.333 		52
v 6.6902 		9.216 		52
v 6.614 		9.074 		52
v 6.542 		8.8359 		52
v 6.529 		8.793 		52
v 6.5051 		8.5519 		52
v -6.528 		11.846 		52
v 6.5253 		8.2442 		52
v 6.529 		8.207 		52
v 6.5335 		8.192 		52
v 7.307 		8.213 		52
v 7.264 		8.354 		52
v 7.25 		8.5 		52
v 7.264 		8.646 		52
v 7.307 		8.787 		52
v 7.376 		8.917 		52
v 7.47 		9.03 		52
v 7.5 		9.055 		52
v 7.376 		8.083 		52
v -6.556 		11.831 		52
v -6.623 		11.776 		52
v 12.481 		11.195 		52.4
v 12.424 		11.383 		52.4
v 12.331 		11.556 		52.4
v 12.331 		10.444 		52.4
v 12.424 		10.617 		52.4
v 12.481 		10.805 		52.4
v -6.656 		11.7489 		52
v 12.5 		11 		52.4
v 11.5 		12 		52.4
v 11.305 		11.981 		52.4
v 12.207 		10.293 		52.4
v 12.207 		11.707 		52.4
v 12.056 		11.831 		52.4
v 11.883 		11.924 		52.4
v 11.695 		11.981 		52.4
v 16.576 		6.617 		52.4
v 16.669 		6.444 		52.4
v 16.793 		6.293 		52.4
v 16.944 		6.169 		52.4
v 17.695 		6.019 		52.4
v 17.883 		6.076 		52.4
v 17.117 		6.076 		52.4
v 17.305 		6.019 		52.4
v 17.5 		6 		52.4
v 11.117 		11.924 		52.4
v 10.944 		11.831 		52.4
v 10.793 		11.707 		52.4
v 10.669 		11.556 		52.4
v 10.576 		11.383 		52.4
v 18.432 		6.6434 		52
v 10.519 		11.195 		52.4
v 18.481 		6.805 		52
v 10.5 		11 		52.4
v 10.519 		10.805 		52.4
v 10.576 		10.617 		52.4
v 10.669 		10.444 		52.4
v 10.793 		10.293 		52.4
v 18.5 		7 		52
v 18.056 		6.169 		52
v 18.0095 		6.144 		52
v 11.695 		10.019 		52.4
v 11.883 		10.076 		52.4
v 12.056 		10.169 		52.4
v 10.944 		10.169 		52.4
v 18.207 		6.293 		52
v 11.117 		10.076 		52.4
v 11.305 		10.019 		52.4
v 11.5 		10 		52.4
v 12.5 		11 		52
v 12.481 		11.195 		52
v 26.002 		11.9693 		92
v 26.002 		10.2916 		92
v 12.424 		11.383 		52
v 12.331 		11.556 		52
v 26.002 		8.5398 		79.6541
v 12.288 		11.6084 		52
v 12.288 		10.3916 		52
v 12.331 		10.444 		52
v 26.002 		7.2817 		80.6835
v 12.424 		10.617 		52
v 12.481 		10.805 		52
v 26.002 		9.8893 		78.5498
v 12.207 		11.707 		52
v 12.056 		11.831 		52
v 11.883 		11.924 		52
v 11.695 		11.981 		52
v 11.5 		12 		52
v 11.305 		11.981 		52
v 11.264 		11.9686 		52
v 12.207 		10.293 		52
v 12.1425 		10.24 		52
v 26.003 		7.4147 		54.8368
v 11.117 		11.924 		52
v 10.944 		11.831 		52
v 10.793 		11.707 		52
v 10.669 		11.556 		52
v 10.576 		11.383 		52
v 10.519 		11.195 		52
v 10.5 		11 		52
v 26 		14 		43
v 10.519 		10.805 		52
v 10.576 		10.617 		52
v 26 		14 		45.7273
v 10.669 		10.444 		52
v 26 		6.5931 		43
v 10.793 		10.293 		52
v 10.8575 		10.24 		52
v 10.944 		10.169 		52
v 11.117 		10.076 		52
v 11.305 		10.019 		52
v 11.5 		10 		52
v 11.695 		10.019 		52
v 11.883 		10.076 		52
v 12.056 		10.169 		52
v 26 		14 		52
v 8.833 		9.747 		52.273
v 8.574 		9.886 		52.273
v 9.247 		9.333 		52.273
v 9.061 		9.561 		52.273
v 26 		14 		50.5061
v 8.53 		9.03 		52.273
v 8.624 		8.917 		52.273
v 26 		6.5931 		52
v 8.693 		8.787 		52.273
v 8.736 		8.646 		52.273
v 8.75 		8.5 		52.273
v 8.736 		8.354 		52.273
v 8.693 		8.213 		52.273
v 9.5 		8.5 		52.273
v 9.471 		8.793 		52.273
v 9.386 		9.074 		52.273
v 9.471 		8.207 		52.273
v 8.624 		8.083 		52.273
v 9.247 		9.333 		52
v 9.061 		9.561 		52
v 8.833 		9.747 		52
v 8.574 		9.886 		52
v 25 		-8 		4
v 25 		-8 		3.6935
v 25 		-8 		3.5839
v 8.5 		9.9084 		52
v 25.001 		-4 		0
v 9.4665 		8.192 		52
v 9.471 		8.207 		52
v 25.001 		-4 		4
v 25 		-4 		4
v 25 		-2.5003 		4
v 9.5 		8.5 		52
v 9.471 		8.793 		52
v 25 		-4 		3.4618
v 9.386 		9.074 		52
v 25 		-7.1459 		4
v 8.5 		9.055 		52
v 8.53 		9.03 		52
v 25 		-8.191 		3.625
v 8.624 		8.917 		52
v -15 		-4 		0
v 8.693 		8.787 		52
v 8.736 		8.646 		52
v 8.75 		8.5 		52
v -15 		-8 		4
v 8.736 		8.354 		52
v -15 		-7.1459 		4
v 8.693 		8.213 		52
v 8.6819 		8.192 		52
v 9.458 		8.1641 		52
v -15 		-4 		3.4618
v 8.624 		8.083 		52
v -7.4807 		-2 		43
v 18.4813 		-2 		43
v 8.293 		9.971 		52.273
v 8.287 		9.193 		52.273
v 8.417 		9.124 		52.273
v 8 		9.25 		52.273
v 8.146 		9.236 		52.273
v 7.854 		9.236 		52.273
v 8 		10 		52.273
v 7.707 		9.971 		52.273
v 7.583 		9.124 		52.273
v 7.713 		9.193 		52.273
v 8.293 		9.971 		52
v 8.192 		9.981 		52
v 8.192 		9.222 		52
v 8.2116 		9.216 		52
v 8.287 		9.193 		52
v 8.417 		9.124 		52
v 8 		10 		52
v 7.707 		9.971 		52
v 8 		9.25 		52
v 8.146 		9.236 		52
v 7.7884 		9.216 		52
v 7.854 		9.236 		52
v 7.583 		9.124 		52
v 7.713 		9.193 		52
v 8.416 		8.222 		54
v 8.462 		8.309 		54
v 8.49 		8.402 		54
v 8.5 		8.5 		54
v 8.49 		8.598 		54
v 8.462 		8.691 		54
v 8.416 		8.778 		54
v 8.354 		8.854 		54
v 8.278 		8.916 		54
v 7.5 		8.5 		54
v 7.51 		8.402 		54
v 25.003 		10.9247 		38.003
v 7.538 		8.309 		54
v -10.382 		7.911 		56.561
v -6.707 		11.707 		52
v -6.7554 		11.648 		52
v -10.537 		7.807 		56.333
v -10.25 		7.75 		56.561
v -6.831 		11.556 		52
v -10.382 		7.618 		56.333
v -6.8503 		11.52 		52
v -6.912 		11.4053 		52
v -10.78 		7.97 		56.074
v -10.652 		7.73 		56.074
v -8.46 		8.707 		56.561
v -10.48 		7.52 		56.074
v -8.277 		8.743 		56.333
v -8.52 		8.906 		56.561
v -10.27 		7.348 		56.074
v -8.348 		8.977 		56.333
v -10.859 		7.937 		55.793
v -10.886 		7.926 		55.5
v -8.618 		9.089 		56.561
v -8.463 		9.193 		56.333
v -10.723 		7.683 		55.793
v -10.747 		7.667 		55.5
v -10.54 		7.46 		55.793
v -8.97 		8.72 		56.886
v -10.561 		7.439 		55.5
v -8.73 		8.819 		56.747
v -9.023 		8.819 		56.886
v -8.807 		8.963 		56.747
v -10.317 		7.277 		55.793
v -10.333 		7.253 		55.5
v -9.094 		8.906 		56.886
v -8.911 		9.089 		56.747
v -8.029 		8.5 		55.207
v -8.057 		8.787 		55.207
v -8.141 		8.77 		54.926
v -9.181 		8.977 		56.886
v -8.114 		8.5 		54.926
v -9.037 		9.193 		56.747
v -8.141 		9.063 		55.207
v 7.584 		8.222 		54
v 8.191 		8.962 		54
v 6.777 		9.317 		55.793
v 8.098 		8.99 		54
v 8 		9 		54
v 7.902 		8.99 		54
v 7.809 		8.962 		54
v 6.753 		9.333 		55.5
v 7.722 		8.916 		54
v 7.646 		8.854 		54
v 7.584 		8.778 		54
v 7.538 		8.691 		54
v 7.51 		8.598 		54
v 7.646 		8.146 		54
v 7.722 		8.084 		54
v 7.809 		8.038 		54
v 7.902 		8.01 		54
v 8 		8 		54
v 8.098 		8.01 		54
v 8.191 		8.038 		54
v 8.278 		8.084 		54
v 8.354 		8.146 		54
v 8.112 		9.063 		56.886
v 8 		9.074 		56.886
v 7.888 		9.063 		56.886
v 7.78 		9.03 		56.886
v 7.681 		8.977 		56.886
v 8.163 		8.743 		56.971
v 8.112 		8.77 		56.971
v 8.057 		8.787 		56.971
v 8 		8.793 		56.971
v 7.943 		8.787 		56.971
v 6.5 		10.9247 		38.003
v 6.8113 		10.9247 		38.003
v 14.0962 		9.1403 		40.998
v 6.5 		9.1404 		40.998
v -1.0962 		9.1403 		40.998
v 6.1887 		10.9247 		38.003
v 7.888 		8.77 		56.971
v 7.837 		8.743 		56.971
v -15.002 		10.9247 		38.003
v 4.0605 		10.3111 		34.9449
v 4.088 		10.3119 		34.9483
v 7.793 		8.707 		56.971
v 6.603 		10.2105 		34.526
v 6.603 		9.6806 		32.3196
v 7 		9.588 		31.934
v 7 		10.522 		35.823
v 4.085 		10.2105 		34.526
v 3.929 		10.3072 		34.9287
v 3.398 		9.6806 		32.3196
v 3.398 		10.2105 		34.526
v 3 		9.588 		31.934
v 3.9262 		10.2105 		34.526
v 3 		10.522 		35.823
v 25.003 		7.0559 		13.9627
v 25 		7 		14
v -15 		7 		14
v 7.757 		9.723 		54.667
v -15.002 		7.0559 		13.9627
v 7.793 		9.54 		54.439
v 7 		11 		31.595
v 3 		11 		31.595
v 7 		11 		35.7082
v 7.523 		9.652 		54.667
v 7.594 		9.48 		54.439
v 7.307 		9.537 		54.667
v 3 		11 		35.7082
v 7.411 		9.382 		54.439
v 3.929 		11 		34.8155
v 4.0038 		11 		34.8251
v 4.0441 		10.5104 		34.9102
v 4.0605 		10.3114 		34.9448
v 4.088 		10.5117 		34.9156
v 4.088 		11 		34.8357
v 4.088 		10.3122 		34.9482
v 3.917 		10.0957 		33.1899
v 3.9794 		10.0975 		33.1971
v 4.0531 		11 		33.0589
v 3.917 		11 		33.0425
v 4.076 		10.1003 		33.2089
v 4.076 		11 		33.0618
v 6.603 		10.626 		35.39
v 6.603 		10.43 		35.437
v 6.603 		9.875 		32.274
v 3.9212 		10.2404 		33.7903
v 3.9248 		11 		34.1894
v 3.929 		10.507 		34.8961
v 3.929 		11 		34.8155
v 3.929 		10.3075 		34.9287
v 3.398 		10.626 		35.39
v 3.398 		10.43 		35.437
v 3.398 		9.875 		32.274
v 7.537 		9.193 		56.747
v 3.398 		9.7519 		23.7687
v 3.398 		10.309 		26.926
v 6.603 		10.309 		26.926
v 6.603 		9.7519 		23.7687
v 3 		9.683 		23.378
v 7 		9.683 		23.378
v 7 		10.378 		27.317
v 3 		10.378 		27.317
v 7.594 		8.906 		56.886
v 7.411 		9.089 		56.747
v 25 		9.575 		10
v -15 		9.575 		10
v 7.523 		8.819 		56.886
v 7.307 		8.963 		56.747
v 3 		11 		23.1456
v 7 		11 		23.1456
v 7 		11 		27.2072
v 3 		11 		27.2072
v 3.398 		10.508 		26.891
v 3.398 		9.948 		23.734
v 7.47 		8.72 		56.886
v 6.603 		10.508 		26.891
v 6.603 		9.948 		23.734
v 12.998 		11 		15.5
v -5 		11 		19
v -5 		11 		12
v 13.5 		11 		14.998
v -6.924 		11.383 		52
v -8.057 		8.213 		55.207
v -6.981 		11.195 		52
v -8.141 		8.23 		54.926
v -6.9992 		11.008 		52
v -6.9883 		10.88 		52
v -6.981 		10.805 		52
v -6.9649 		10.752 		52
v -6.656 		10.2511 		52
v -8.277 		9.317 		55.207
v -8.348 		9.27 		54.926
v -6.859 		10.496 		52
v -6.912 		10.5947 		52
v -8.46 		9.54 		55.207
v -8.52 		9.48 		54.926
v -6.924 		10.617 		52
v -6.9533 		10.7135 		52
v -8.683 		9.723 		55.207
v -6.9536 		10.7145 		52
v -6.7686 		10.368 		52
v -6.784 		10.3868 		52
v -6.831 		10.444 		52
v -8.73 		9.652 		54.926
v -8.937 		9.859 		55.207
v -8.97 		9.78 		54.926
v -6.707 		10.293 		52
v -6.7662 		10.3651 		52
v -9.213 		9.943 		55.207
v -5.376 		10.2248 		52
v -8.618 		9.382 		54.667
v -8.75 		9.25 		54.439
v -8.807 		9.537 		54.667
v -5.444 		10.169 		52
v -5.504 		10.1367 		52
v -8.911 		9.382 		54.439
v -5.55 		10.112 		52
v -9.023 		9.652 		54.667
v -9.094 		9.48 		54.439
v -5.617 		10.076 		52
v -5.632 		10.0715 		52
v -9.181 		9.27 		54.253
v -8.22 		9.03 		54.926
v 7.5 		14 		52
v 7.5 		8.5 		52
v 7.25 		9.25 		54.439
v 8.163 		9.317 		54.253
v 8 		9.333 		54.253
v 7.837 		9.317 		54.253
v 7.681 		9.27 		54.253
v 6.96 		9.54 		55.207
v 7.02 		9.48 		54.926
v 7.118 		9.382 		54.667
v 6.777 		9.317 		55.207
v 6.848 		9.27 		54.926
v 8.112 		9.063 		54.114
v 8 		9.074 		54.114
v 7.888 		9.063 		54.114
v 7.78 		9.03 		54.114
v 7.681 		8.977 		54.114
v 8.163 		8.743 		54.029
v 8.112 		8.77 		54.029
v 8.057 		8.787 		54.029
v 8 		8.793 		54.029
v 7.23 		8.819 		56.747
v 7.943 		8.787 		54.029
v 7.888 		8.77 		54.029
v 7.837 		8.743 		54.029
v 7.793 		8.707 		54.029
v 8 		8.5 		57
v 8.3915 		8.192 		52
v 8.416 		8.222 		52
v 8.462 		8.309 		52
v 8.49 		8.402 		52
v 8.5 		8.5 		52
v 8.49 		8.598 		52
v 8.462 		8.691 		52
v 8.416 		8.778 		52
v 8.354 		8.854 		52
v 8.278 		8.916 		52
v 8.192 		8.9615 		52
v 7.51 		8.402 		52
v 7.538 		8.309 		52
v 7.584 		8.222 		52
v 7.6085 		8.192 		52
v 8.191 		8.962 		52
v 8.098 		8.99 		52
v 8 		9 		52
v 7.902 		8.99 		52
v 7.809 		8.962 		52
v 7.722 		8.916 		52
v 7.646 		8.854 		52
v 7.584 		8.778 		52
v 7.757 		8.663 		56.971
v 7.538 		8.691 		52
v 7.51 		8.598 		52
v 7.73 		8.612 		56.971
v 7.646 		8.146 		52
v 7.722 		8.084 		52
v 7.809 		8.038 		52
v 7.902 		8.01 		52
v 7.713 		8.557 		56.971
v 8.098 		8.01 		52
v 8.191 		8.038 		52
v 8.278 		8.084 		52
v 8.354 		8.146 		52
v -8.029 		8.793 		52.273
v -8.114 		9.074 		52.273
v -8.029 		8.207 		52.273
v -8 		8.5 		52.273
v -8.97 		9.03 		52.273
v 7.707 		8.5 		56.971
v -8.876 		8.917 		52.273
v -8.807 		8.787 		52.273
v -8.764 		8.646 		52.273
v -8.926 		9.886 		52.273
v -8.667 		9.747 		52.273
v -8.75 		8.5 		52.273
v -8.764 		8.354 		52.273
v -8.439 		9.561 		52.273
v -8.807 		8.213 		52.273
v -8.253 		9.333 		52.273
v -8.876 		8.083 		52.273
v -8.0335 		8.192 		52
v -8.029 		8.207 		52
v -8.029 		8.793 		52
v -8.114 		9.074 		52
v -8.192 		9.2193 		52
v -8.2327 		9.2951 		52
v -8.253 		9.333 		52
v -8.4076 		9.5226 		52
v -8.439 		9.561 		52
v -8.6331 		9.7193 		52
v -8.667 		9.747 		52
v -8.926 		9.886 		52
v -9 		9.9084 		52
v -9 		9.055 		52
v -8.97 		9.03 		52
v -8.876 		8.917 		52
v -8.807 		8.787 		52
v -8.764 		8.646 		52
v 7.943 		8.213 		56.971
v -8.75 		8.5 		52
v -8.764 		8.354 		52
v -8.807 		8.213 		52
v 8 		8.207 		56.971
v -8.8181 		8.192 		52
v -8.876 		8.083 		52
v -9.213 		9.193 		52.273
v -9.083 		9.124 		52.273
v -9.207 		9.971 		52.273
v -9.5 		9.25 		52.273
v -9.354 		9.236 		52.273
v 8.057 		8.213 		56.971
v -9.646 		9.236 		52.273
v -9.5 		10 		52.273
v -9.793 		9.971 		52.273
v -9.917 		9.124 		52.273
v -9.787 		9.193 		52.273
v 8.112 		8.23 		56.971
v -9.1641 		9.958 		52
v -9.207 		9.971 		52
v -9.216 		9.9719 		52
v -9.216 		9.1939 		52
v -9.213 		9.193 		52
v 8.163 		8.257 		56.971
v -9.083 		9.124 		52
v -9.5 		10 		52
v -9.793 		9.971 		52
v -9.5 		9.25 		52
v -9.354 		9.236 		52
v -9.2884 		9.216 		52
v -9.7116 		9.216 		52
v -9.646 		9.236 		52
v -9.917 		9.124 		52
v -9.787 		9.193 		52
v -9.084 		8.222 		54
v -9.038 		8.309 		54
v -9.01 		8.402 		54
v -9 		8.5 		54
v -9.01 		8.598 		54
v -9.038 		8.691 		54
v -9.084 		8.778 		54
v -9.146 		8.854 		54
v -9.222 		8.916 		54
v 7.713 		8.443 		56.971
v -9.309 		8.962 		54
v -9.402 		8.99 		54
v 7.73 		8.388 		56.971
v -9.5 		9 		54
v -9.598 		8.99 		54
v -9.691 		8.962 		54
v 7.757 		8.337 		56.971
v -9.778 		8.916 		54
v -9.854 		8.854 		54
v -9.916 		8.778 		54
v -10 		8.5 		54
v -9.99 		8.402 		54
v -9.962 		8.309 		54
v -9.916 		8.222 		54
v 7.793 		8.293 		56.971
v -9.962 		8.691 		54
v -9.99 		8.598 		54
v -9.854 		8.146 		54
v -9.778 		8.084 		54
v -9.691 		8.038 		54
v 18.331 		6.444 		52
v 18.424 		6.617 		52
v -9.598 		8.01 		54
v -9.5 		8 		54
v -9.402 		8.01 		54
v 16.5 		7 		52
v 16.519 		6.805 		52
v -9.309 		8.038 		54
v 16.576 		6.617 		52
v 16.669 		6.444 		52
v -9.222 		8.084 		54
v 16.793 		6.293 		52
v -9.146 		8.146 		54
v 16.944 		6.169 		52
v 16.9905 		6.144 		52
v 17.117 		6.076 		52
v 17.305 		6.019 		52
v 17.5 		6 		52
v 17.695 		6.019 		52
v 17.883 		6.076 		52
v 15.481 		6.805 		52.4
v 15.5 		7 		52.4
v 15.056 		6.169 		52.4
v 15.207 		6.293 		52.4
v 15.331 		6.444 		52.4
v 15.424 		6.617 		52.4
v 13.5 		7 		52.4
v 13.519 		6.805 		52.4
v 13.576 		6.617 		52.4
v 13.669 		6.444 		52.4
v 13.793 		6.293 		52.4
v 13.944 		6.169 		52.4
v 14.695 		6.019 		52.4
v 14.883 		6.076 		52.4
v 14.117 		6.076 		52.4
v 14.305 		6.019 		52.4
v 14.5 		6 		52.4
v 15.0095 		6.144 		52
v 15.056 		6.169 		52
v 15.207 		6.293 		52
v 15.331 		6.444 		52
v 15.424 		6.617 		52
v 15.481 		6.805 		52
v 15.5 		7 		52
v 13.5 		7 		52
v 13.519 		6.805 		52
v 13.576 		6.617 		52
v 13.669 		6.444 		52
v 13.793 		6.293 		52
v 13.944 		6.169 		52
v 13.9905 		6.144 		52
v 14.117 		6.076 		52
v 14.305 		6.019 		52
v 14.5 		6 		52
v 14.695 		6.019 		52
v 14.883 		6.076 		52
v 12.481 		6.805 		52.4
v 12.5 		7 		52.4
v 12.331 		6.444 		52.4
v 12.424 		6.617 		52.4
v 12.056 		6.169 		52.4
v 12.207 		6.293 		52.4
v 10.5 		7 		52.4
v 10.519 		6.805 		52.4
v 10.576 		6.617 		52.4
v 10.669 		6.444 		52.4
v 10.793 		6.293 		52.4
v 10.944 		6.169 		52.4
v 11.695 		6.019 		52.4
v 11.883 		6.076 		52.4
v 11.117 		6.076 		52.4
v 11.305 		6.019 		52.4
v 11.5 		6 		52.4
v 12.288 		6.3916 		52
v 12.331 		6.444 		52
v 12.424 		6.617 		52
v 12.481 		6.805 		52
v 12.5 		7 		52
v 10.5 		7 		52
v 10.519 		6.805 		52
v 10.576 		6.617 		52
v 10.669 		6.444 		52
v 10.793 		6.293 		52
v 10.944 		6.169 		52
v 10.9905 		6.144 		52
v 12.056 		6.169 		52
v 12.0095 		6.144 		52
v 12.207 		6.293 		52
v 11.117 		6.076 		52
v 7.537 		9.193 		54.253
v 11.305 		6.019 		52
v 11.5 		6 		52
v 11.695 		6.019 		52
v 11.883 		6.076 		52
v 7.411 		9.089 		54.253
v 0.981 		6.805 		52.4
v 1 		7 		52.4
v 0.556 		6.169 		52.4
v 0.707 		6.293 		52.4
v 0.831 		6.444 		52.4
v 0.924 		6.617 		52.4
v -1 		7 		52.4
v -0.981 		6.805 		52.4
v -0.924 		6.617 		52.4
v -0.831 		6.444 		52.4
v -0.707 		6.293 		52.4
v -0.556 		6.169 		52.4
v 7.594 		8.906 		54.114
v 0.195 		6.019 		52.4
v 0.383 		6.076 		52.4
v -0.383 		6.076 		52.4
v -0.195 		6.019 		52.4
v 0 		6 		52.4
v 7.307 		8.963 		54.253
v 7.523 		8.819 		54.114
v 7.23 		8.819 		54.253
v -2.019 		6.805 		52.4
v -2 		7 		52.4
v -2.444 		6.169 		52.4
v -2.293 		6.293 		52.4
v -2.169 		6.444 		52.4
v -2.076 		6.617 		52.4
v 7.47 		8.72 		54.114
v -4 		7 		52.4
v -3.981 		6.805 		52.4
v -3.924 		6.617 		52.4
v -3.831 		6.444 		52.4
v -3.707 		6.293 		52.4
v -3.556 		6.169 		52.4
v -2.805 		6.019 		52.4
v -2.617 		6.076 		52.4
v -3.383 		6.076 		52.4
v -3.195 		6.019 		52.4
v -3 		6 		52.4
v -5.019 		6.805 		52.4
v -5 		7 		52.4
v -5.444 		6.169 		52.4
v -5.293 		6.293 		52.4
v -5.169 		6.444 		52.4
v -5.076 		6.617 		52.4
v 8 		8.5 		54
v -7 		7 		52.4
v -6.981 		6.805 		52.4
v -6.924 		6.617 		52.4
v -6.831 		6.444 		52.4
v -6.707 		6.293 		52.4
v -6.556 		6.169 		52.4
v -5.805 		6.019 		52.4
v -5.617 		6.076 		52.4
v -6.383 		6.076 		52.4
v -6.195 		6.019 		52.4
v -6 		6 		52.4
v -8.277 		8.743 		54.667
v -10.074 		9.886 		52.273
v -8.46 		8.707 		54.439
v -10.193 		8.213 		52.273
v -10.236 		8.354 		52.273
v -10.236 		8.646 		52.273
v -10.193 		8.787 		52.273
v -10.124 		8.917 		52.273
v -10.03 		9.03 		52.273
v -8.348 		8.977 		54.667
v -10.25 		8.5 		52.273
v -8.52 		8.906 		54.439
v -10.333 		9.747 		52.273
v -10.561 		9.561 		52.273
v -10.747 		9.333 		52.273
v -10.886 		9.074 		52.273
v -10.971 		8.793 		52.273
v -11 		8.5 		52.273
v -10.971 		8.207 		52.273
v -10.03 		7.97 		52.273
v -10.124 		8.083 		52.273
v -10.074 		7.114 		52.273
v -10.747 		7.667 		52.273
v -10.561 		7.439 		52.273
v -8.463 		9.193 		54.667
v -10.333 		7.253 		52.273
v -10.886 		7.926 		52.273
v -8.618 		9.089 		54.439
v 7.837 		8.257 		56.971
v -8.253 		8.5 		54.667
v 7.888 		8.23 		56.971
v -8.439 		8.5 		54.439
v -8.277 		8.257 		54.667
v 7.437 		8.612 		56.886
v -8.46 		8.293 		54.439
v 7.183 		8.663 		56.747
v 7.426 		8.5 		56.886
v -8.73 		8.819 		54.253
v 7.437 		8.388 		56.886
v -8.97 		8.72 		54.114
v 7.183 		8.337 		56.747
v 7.47 		8.28 		56.886
v -8.807 		8.963 		54.253
v -9.023 		8.819 		54.114
v -8.911 		9.089 		54.253
v -9.094 		8.906 		54.114
v 7.118 		9.089 		56.561
v -9.037 		9.193 		54.253
v -9.181 		8.977 		54.114
v -8.667 		8.5 		54.253
v -8.683 		8.663 		54.253
v 15 		11 		12
v 14.003 		11 		15.5
v 15 		11 		19
v 13.5 		11 		16.003
v 13.598 		11 		15.993
v 13.692 		11 		15.964
v 13.779 		11 		15.918
v 13.855 		11 		15.855
v 13.918 		11 		15.779
v 13.964 		11 		15.692
v 13.993 		11 		15.598
v 13.993 		11 		15.402
v 13.402 		11 		15.993
v 13.5 		11 		16
v 13.402 		11 		15.99
v 13.99 		11 		15.402
v 14 		11 		15.5
v 13.99 		11 		15.598
v 13.962 		11 		15.691
v 13.916 		11 		15.778
v 13.854 		11 		15.854
v 13.778 		11 		15.916
v 13.691 		11 		15.962
v 13.598 		11 		15.99
v 13.007 		11 		15.402
v 7.757 		8.663 		54.029
v 13.007 		11 		15.598
v 13.036 		11 		15.692
v 13.082 		11 		15.779
v 7.73 		8.612 		54.029
v 13.145 		11 		15.855
v 13.221 		11 		15.918
v 7.713 		8.557 		54.029
v 13.308 		11 		15.964
v 13.309 		11 		15.962
v 13.222 		11 		15.916
v 13.146 		11 		15.854
v 13.084 		11 		15.778
v 13.038 		11 		15.691
v 13.01 		11 		15.598
v 13 		11 		15.5
v 7.707 		8.5 		54.029
v 13.01 		11 		15.402
v 13.964 		11 		15.308
v 13.918 		11 		15.221
v 13.855 		11 		15.145
v 13.779 		11 		15.082
v 13.692 		11 		15.036
v 13.598 		11 		15.007
v 13.402 		11 		15.007
v 13.308 		11 		15.036
v 13.221 		11 		15.082
v 7.943 		8.213 		54.029
v 13.145 		11 		15.145
v 13.082 		11 		15.221
v 8 		8.207 		54.029
v 13.036 		11 		15.308
v 8.057 		8.213 		54.029
v 13.038 		11 		15.309
v 13.084 		11 		15.222
v 13.146 		11 		15.146
v 13.222 		11 		15.084
v 13.309 		11 		15.038
v 13.402 		11 		15.01
v 13.5 		11 		15
v 13.598 		11 		15.01
v 13.691 		11 		15.038
v 13.778 		11 		15.084
v 13.854 		11 		15.146
v 13.916 		11 		15.222
v 13.962 		11 		15.309
v 8.112 		8.23 		54.029
v 15 		11 		37
v -5 		11 		37
v -5 		11 		22
v 15 		11 		22
v 0.195 		7.981 		52.4
v 0 		8 		52.4
v 0.981 		7.195 		52.4
v 0.924 		7.383 		52.4
v 0.831 		7.556 		52.4
v 0.707 		7.707 		52.4
v 0.556 		7.831 		52.4
v 0.383 		7.924 		52.4
v -0.195 		7.981 		52.4
v -0.383 		7.924 		52.4
v -0.556 		7.831 		52.4
v -0.707 		7.707 		52.4
v -0.831 		7.556 		52.4
v -0.924 		7.383 		52.4
v -0.981 		7.195 		52.4
v -5 		11.003 		12
v -15 		11.003 		11.3313
v -15.002 		11.003 		11.3313
v -15 		11.003 		9.6926
v -15 		11.003 		0
v -15 		11.003 		8.8457
v -9.1085 		8.192 		52
v -9.084 		8.222 		52
v -9.038 		8.309 		52
v -9.01 		8.402 		52
v -9 		8.5 		52
v -9.01 		8.598 		52
v -9.038 		8.691 		52
v -9.084 		8.778 		52
v -9.146 		8.854 		52
v -9.216 		8.9111 		52
v -9.222 		8.916 		52
v -9.309 		8.962 		52
v -9.402 		8.99 		52
v -9.5 		9 		52
v -9.598 		8.99 		52
v -9.691 		8.962 		52
v -9.778 		8.916 		52
v -9.854 		8.854 		52
v -9.916 		8.778 		52
v -9.9551 		8.704 		52
v -9.99 		8.402 		52
v -9.962 		8.309 		52
v -9.916 		8.222 		52
v -9.8915 		8.192 		52
v -9.962 		8.691 		52
v -9.99 		8.598 		52
v -9.854 		8.146 		52
v -2.019 		7.195 		52.4
v -3 		8 		52.4
v -2.076 		7.383 		52.4
v -2.169 		7.556 		52.4
v -2.293 		7.707 		52.4
v -2.444 		7.831 		52.4
v -2.617 		7.924 		52.4
v -2.805 		7.981 		52.4
v -3.195 		7.981 		52.4
v -3.383 		7.924 		52.4
v -3.556 		7.831 		52.4
v -3.707 		7.707 		52.4
v -3.831 		7.556 		52.4
v -3.924 		7.383 		52.4
v -3.981 		7.195 		52.4
v 6.963 		9.193 		56.333
v 7.02 		8.906 		56.561
v 6.848 		8.977 		56.333
v 6.96 		8.707 		56.561
v 6.777 		8.743 		56.333
v 7.167 		8.5 		56.747
v 6.939 		8.5 		56.561
v 6.753 		8.5 		56.333
v -9.778 		8.084 		52
v -9.691 		8.038 		52
v -9.598 		8.01 		52
v 6.96 		8.293 		56.561
v -9.402 		8.01 		52
v -9.309 		8.038 		52
v -9.222 		8.084 		52
v -9.146 		8.146 		52
v 6.777 		8.257 		56.333
v 18.4813 		-2 		52
v -6 		8 		52.4
v -5.019 		7.195 		52.4
v -5.076 		7.383 		52.4
v -5.169 		7.556 		52.4
v -5.293 		7.707 		52.4
v -5.444 		7.831 		52.4
v -5.617 		7.924 		52.4
v -5.805 		7.981 		52.4
v -6.195 		7.981 		52.4
v -6.383 		7.924 		52.4
v -6.556 		7.831 		52.4
v -6.707 		7.707 		52.4
v -6.831 		7.556 		52.4
v -6.924 		7.383 		52.4
v -6.981 		7.195 		52.4
v 6.72 		9.03 		56.074
v 6.641 		8.77 		56.074
v 6.614 		8.5 		56.074
v 18.481 		7.195 		52.4
v 17.5 		8 		52.4
v 18.424 		7.383 		52.4
v 18.331 		7.556 		52.4
v 18.207 		7.707 		52.4
v 18.056 		7.831 		52.4
v 17.883 		7.924 		52.4
v 17.695 		7.981 		52.4
v 17.305 		7.981 		52.4
v 17.117 		7.924 		52.4
v 16.944 		7.831 		52.4
v 16.793 		7.707 		52.4
v 16.669 		7.556 		52.4
v 16.576 		7.383 		52.4
v 16.519 		7.195 		52.4
v 18.481 		7.195 		52
v 18.432 		7.3566 		52
v 18.424 		7.383 		52
v 6.641 		8.23 		56.074
v 18.331 		7.556 		52
v 18.207 		7.707 		52
v 18.056 		7.831 		52
v 17.883 		7.924 		52
v 17.695 		7.981 		52
v 17.5 		8 		52
v 17.305 		7.981 		52
v 17.117 		7.924 		52
v 16.944 		7.831 		52
v 16.793 		7.707 		52
v 16.669 		7.556 		52
v 16.576 		7.383 		52
v 16.519 		7.195 		52
v 6.641 		9.063 		55.793
v 6.614 		9.074 		55.5
v 14.5 		8 		52.4
v 15.481 		7.195 		52.4
v 15.424 		7.383 		52.4
v 15.331 		7.556 		52.4
v 15.207 		7.707 		52.4
v 15.056 		7.831 		52.4
v 14.883 		7.924 		52.4
v 14.695 		7.981 		52.4
v 14.305 		7.981 		52.4
v 14.117 		7.924 		52.4
v 13.944 		7.831 		52.4
v 13.793 		7.707 		52.4
v 13.669 		7.556 		52.4
v 13.576 		7.383 		52.4
v 13.519 		7.195 		52.4
v 15.481 		7.195 		52
v 15.424 		7.383 		52
v 15.331 		7.556 		52
v 15.207 		7.707 		52
v 15.056 		7.831 		52
v 14.883 		7.924 		52
v 14.695 		7.981 		52
v 6.557 		8.787 		55.793
v 14.5 		8 		52
v 14.336 		7.984 		52
v 14.305 		7.981 		52
v 14.117 		7.924 		52
v 13.944 		7.831 		52
v 6.529 		8.793 		55.5
v 13.793 		7.707 		52
v 13.669 		7.556 		52
v 13.576 		7.383 		52
v 13.519 		7.195 		52
v 12.481 		7.195 		52.4
v 12.424 		7.383 		52.4
v 12.331 		7.556 		52.4
v 11.5 		8 		52.4
v 11.305 		7.981 		52.4
v 11.117 		7.924 		52.4
v 6.529 		8.5 		55.793
v 10.944 		7.831 		52.4
v 10.793 		7.707 		52.4
v 10.669 		7.556 		52.4
v 10.576 		7.383 		52.4
v 10.519 		7.195 		52.4
v 12.207 		7.707 		52.4
v 12.056 		7.831 		52.4
v 11.883 		7.924 		52.4
v 11.695 		7.981 		52.4
v 12.481 		7.195 		52
v 12.424 		7.383 		52
v 12.331 		7.556 		52
v 6.5 		8.5 		55.5
v 12.288 		7.6084 		52
v 12.207 		7.707 		52
v 12.056 		7.831 		52
v 11.883 		7.924 		52
v 11.695 		7.981 		52
v 11.5 		8 		52
v 11.305 		7.981 		52
v 11.117 		7.924 		52
v 10.944 		7.831 		52
v 10.793 		7.707 		52
v 10.669 		7.556 		52
v 6.557 		8.213 		55.793
v 10.576 		7.383 		52
v 10.519 		7.195 		52
v 10.5164 		7.168 		52
v 8.53 		7.97 		52.273
v 6.529 		8.207 		55.5
v 8.417 		7.876 		52.273
v 8.287 		7.807 		52.273
v 9.247 		7.667 		52.273
v 9.386 		7.926 		52.273
v 8.293 		7.029 		52.273
v 8.574 		7.114 		52.273
v 8.833 		7.253 		52.273
v 9.061 		7.439 		52.273
v 8.146 		7.764 		52.273
v 8 		7.75 		52.273
v 7.854 		7.764 		52.273
v 7.713 		7.807 		52.273
v 7.583 		7.876 		52.273
v 7.47 		7.97 		52.273
v 8 		7 		52.273
v 6.614 		7.926 		52.273
v 6.753 		7.667 		52.273
v 6.939 		7.439 		52.273
v 7.167 		7.253 		52.273
v 7.426 		7.114 		52.273
v 7.707 		7.029 		52.273
v 8.75 		7.75 		56.561
v 8.882 		7.911 		56.561
v 9.037 		7.807 		56.333
v 8.77 		8.181 		56.747
v 8.98 		8.094 		56.561
v -8.114 		7.926 		52.273
v -8.97 		7.97 		52.273
v -9.083 		7.876 		52.273
v -9.213 		7.807 		52.273
v 9.152 		8.023 		56.333
v -9.207 		7.029 		52.273
v -8.926 		7.114 		52.273
v -8.667 		7.253 		52.273
v -8.439 		7.439 		52.273
v -8.253 		7.667 		52.273
v -9.354 		7.764 		52.273
v -9.5 		7.75 		52.273
v -9.646 		7.764 		52.273
v -9.787 		7.807 		52.273
v -9.917 		7.876 		52.273
v -9.5 		7 		52.273
v -9.793 		7.029 		52.273
v 8.22 		7.97 		56.886
v 8.319 		7.73 		56.747
v 8.319 		8.023 		56.886
v 8.463 		7.807 		56.747
v -6 		12 		52.4
v -5.293 		10.293 		52.4
v -5.169 		10.444 		52.4
v -5.076 		10.617 		52.4
v -5.019 		10.805 		52.4
v -5 		11 		52.4
v -5.019 		11.195 		52.4
v -5.076 		11.383 		52.4
v -5.169 		11.556 		52.4
v -5.293 		11.707 		52.4
v -5.444 		11.831 		52.4
v -5.617 		11.924 		52.4
v -5.805 		11.981 		52.4
v -6.195 		11.981 		52.4
v -6.383 		11.924 		52.4
v -6.556 		11.831 		52.4
v -6.707 		11.707 		52.4
v -6.831 		11.556 		52.4
v -6.924 		11.383 		52.4
v -6.981 		11.195 		52.4
v -7 		11 		52.4
v -6.981 		10.805 		52.4
v -6.924 		10.617 		52.4
v -6.831 		10.444 		52.4
v -6.707 		10.293 		52.4
v -5.805 		10.019 		52.4
v -5.617 		10.076 		52.4
v -5.444 		10.169 		52.4
v -6.556 		10.169 		52.4
v -6.383 		10.076 		52.4
v -6.195 		10.019 		52.4
v -6 		10 		52.4
v 8.406 		8.094 		56.886
v 8.589 		7.911 		56.747
v 8.477 		8.181 		56.886
v 8.693 		8.037 		56.747
v 8.207 		7.46 		56.561
v 8.243 		7.277 		56.333
v 8.406 		7.52 		56.561
v -5 		11.003 		19
v -5 		11.003 		22
v 8.477 		7.348 		56.333
v -8.667 		8.5 		56.747
v -8.683 		8.663 		56.747
v 13 		11.003 		15.5218
v 12.998 		11.003 		15.5
v 13 		11.003 		15.4782
v 13 		11.003 		15.5
v 25.001 		11.003 		0
v 25.003 		11.003 		11.3313
v 25 		11.003 		11.3313
v -8.439 		8.5 		56.561
v 8.589 		7.618 		56.561
v 25.001 		11.003 		4
v 25 		11.003 		4
v -8.253 		8.5 		56.333
v 25 		11.003 		9.6926
v 8.693 		7.463 		56.333
v 25 		11.003 		8.8457
v 15 		11.003 		12
v -8.683 		8.337 		56.747
v 13.4782 		11.003 		15
v 8.882 		7.618 		56.333
v 13.5 		11.003 		14.998
v 13.5218 		11.003 		15
v 13.5 		11.003 		15
v -8.46 		8.293 		56.561
v 15 		11.003 		22
v 15 		11.003 		19
v 14 		11.003 		15.4706
v 14.003 		11.003 		15.5
v 14 		11.003 		15.5294
v 14 		11.003 		15.5
v 9.223 		7.683 		55.793
v 8.163 		8.257 		54.029
v 13.5294 		11.003 		16
v 13.5 		11.003 		16.003
v 13.4706 		11.003 		16
v 13.5 		11.003 		16
v 13.6125 		11.003 		15.9885
v 13.598 		11.003 		15.993
v 13.598 		11.003 		15.99
v 9.247 		7.667 		55.5
v 13.7021 		11.003 		15.9587
v 13.692 		11.003 		15.964
v 13.691 		11.003 		15.962
v 9.28 		7.97 		56.074
v 13.7874 		11.003 		15.911
v 13.779 		11.003 		15.918
v 13.778 		11.003 		15.916
v 9.359 		7.937 		55.793
v 13.8597 		11.003 		15.8494
v 13.855 		11.003 		15.855
v 7.713 		8.443 		54.029
v 13.854 		11.003 		15.854
v 9.386 		7.926 		55.5
v 13.9232 		11.003 		15.7692
v 13.918 		11.003 		15.779
v 13.916 		11.003 		15.778
v 13.9675 		11.003 		15.6805
v 13.964 		11.003 		15.692
v 13.962 		11.003 		15.691
v -8.277 		8.257 		56.333
v 13.9945 		11.003 		15.5829
v 13.993 		11.003 		15.598
v 13.99 		11.003 		15.598
v 13.99 		11.003 		15.402
v 13.9885 		11.003 		15.3875
v 13.993 		11.003 		15.402
v 13.98 		11.003 		15.36
v 13.9774 		11.003 		15.36
v 13.312 		11.003 		15.9629
v 13.402 		11.003 		15.99
v 13.4171 		11.003 		15.9945
v 13.402 		11.003 		15.993
v 13.312 		11.003 		15.9652
v -9.207 		8.5 		56.971
v 8.53 		7.22 		56.074
v -9.213 		8.557 		56.971
v -8.926 		8.5 		56.886
v -8.937 		8.612 		56.886
v 8.77 		7.348 		56.074
v 13.0226 		11.003 		15.36
v 13.01 		11.003 		15.402
v 13.0057 		11.003 		15.4163
v 13.007 		11.003 		15.402
v 13.01 		11.003 		15.598
v 13.0115 		11.003 		15.6125
v 13.007 		11.003 		15.598
v 8.98 		7.52 		56.074
v 13.038 		11.003 		15.691
v 13.0413 		11.003 		15.7021
v 13.036 		11.003 		15.692
v 13.084 		11.003 		15.778
v 13.089 		11.003 		15.7874
v 13.082 		11.003 		15.779
v 13.146 		11.003 		15.854
v 13.1506 		11.003 		15.8597
v 13.145 		11.003 		15.855
v 9.152 		7.73 		56.074
v 13.222 		11.003 		15.916
v 13.2308 		11.003 		15.9232
v 13.221 		11.003 		15.918
v 13.309 		11.003 		15.962
v 13.308 		11.003 		15.964
v -8.97 		8.28 		56.886
v 13.9587 		11.003 		15.2979
v 13.964 		11.003 		15.308
v 13.962 		11.003 		15.309
v 13.911 		11.003 		15.2126
v 13.918 		11.003 		15.221
v 13.916 		11.003 		15.222
v -9.213 		8.443 		56.971
v 18.5 		3 		52
v 15.5 		3 		52
v 12.5 		3 		52
v 13.8494 		11.003 		15.1403
v 13.855 		11.003 		15.145
v -8.937 		8.388 		56.886
v 13.854 		11.003 		15.146
v 11.5 		4 		52
v 13.7692 		11.003 		15.0768
v 13.779 		11.003 		15.082
v 13.778 		11.003 		15.084
v 14.5 		4 		52
v 13.5 		4 		52
v 13.6805 		11.003 		15.0325
v 13.692 		11.003 		15.036
v 13.691 		11.003 		15.038
v 17.5 		4 		52
v 16.5 		4 		52
v 13.5837 		11.003 		15.0057
v 13.598 		11.003 		15.007
v 13.598 		11.003 		15.01
v 19.5 		4 		52
v 18.5 		5 		52
v 19.481 		4.195 		52
v 19.4906 		4.096 		52
v 19.424 		4.383 		52
v 19.331 		4.556 		52
v 13.402 		11.003 		15.01
v 13.3875 		11.003 		15.0115
v 19.207 		4.707 		52
v 13.402 		11.003 		15.007
v 19.056 		4.831 		52
v 18.883 		4.924 		52
v 18.695 		4.981 		52
v 13.2979 		11.003 		15.0413
v 13.308 		11.003 		15.036
v 13.309 		11.003 		15.038
v 18.305 		4.981 		52
v 18.117 		4.924 		52
v 17.944 		4.831 		52
v 13.2126 		11.003 		15.089
v 17.793 		4.707 		52
v 13.221 		11.003 		15.082
v 13.222 		11.003 		15.084
v 17.669 		4.556 		52
v 17.576 		4.383 		52
v 17.519 		4.195 		52
v 13.1403 		11.003 		15.1506
v 13.145 		11.003 		15.145
v 13.146 		11.003 		15.146
v 17.5094 		4.096 		52
v 18.432 		3.0066 		52
v 18.695 		3.019 		52
v -8.22 		9.03 		56.074
v 18.883 		3.076 		52
v 19.056 		3.169 		52
v 19.207 		3.293 		52
v 19.331 		3.444 		52
v 19.424 		3.617 		52
v 19.481 		3.805 		52
v 17.519 		3.805 		52
v 17.576 		3.617 		52
v 17.669 		3.444 		52
v 17.793 		3.293 		52
v 17.944 		3.169 		52
v 18.117 		3.076 		52
v 18.305 		3.019 		52
v 15.5 		5 		52
v 16.481 		4.195 		52
v 16.4906 		4.096 		52
v 16.424 		4.383 		52
v 16.331 		4.556 		52
v 16.207 		4.707 		52
v 16.056 		4.831 		52
v 15.883 		4.924 		52
v 15.695 		4.981 		52
v 15.305 		4.981 		52
v 15.117 		4.924 		52
v -9.337 		9.317 		56.747
v 14.944 		4.831 		52
v 14.793 		4.707 		52
v 14.669 		4.556 		52
v 14.576 		4.383 		52
v 14.519 		4.195 		52
v 14.5093 		4.096 		52
v 16.424 		3.617 		52
v 16.384 		3.5426 		52
v 16.481 		3.805 		52
v 14.519 		3.805 		52
v 14.576 		3.617 		52
v 14.669 		3.444 		52
v 14.793 		3.293 		52
v 14.944 		3.169 		52
v 15.117 		3.076 		52
v 15.305 		3.019 		52
v 15.695 		3.019 		52
v 15.883 		3.076 		52
v 16.056 		3.169 		52
v 16.207 		3.293 		52
v 16.331 		3.444 		52
v 12.5 		5 		52
v 13.481 		4.195 		52
v 13.4907 		4.096 		52
v 13.424 		4.383 		52
v 13.331 		4.556 		52
v 13.207 		4.707 		52
v 13.056 		4.831 		52
v 12.883 		4.924 		52
v 12.695 		4.981 		52
v 7.73 		8.388 		54.029
v 12.305 		4.981 		52
v 12.117 		4.924 		52
v 11.944 		4.831 		52
v 11.793 		4.707 		52
v 11.669 		4.556 		52
v 7.757 		8.337 		54.029
v 11.576 		4.383 		52
v 11.519 		4.195 		52
v 11.5093 		4.096 		52
v 12.305 		3.019 		52
v 12.288 		3.0242 		52
v 7.793 		8.293 		54.029
v 12.695 		3.019 		52
v 12.883 		3.076 		52
v 13.056 		3.169 		52
v 13.207 		3.293 		52
v 13.331 		3.444 		52
v 13.424 		3.617 		52
v 13.481 		3.805 		52
v 7.837 		8.257 		54.029
v 11.519 		3.805 		52
v 11.576 		3.617 		52
v 11.669 		3.444 		52
v 7.888 		8.23 		54.029
v 11.793 		3.293 		52
v 11.944 		3.169 		52
v 12.117 		3.076 		52
v 7.183 		8.663 		54.253
v 7.437 		8.612 		54.114
v 7.426 		8.5 		54.114
v 7.183 		8.337 		54.253
v 7.437 		8.388 		54.114
v 7.47 		8.28 		54.114
v 6.641 		9.063 		55.207
v 6.72 		9.03 		54.926
v 6.557 		8.787 		55.207
v 6.641 		8.77 		54.926
v 6.529 		8.5 		55.207
v 6.614 		8.5 		54.926
v 6.557 		8.213 		55.207
v 6.641 		8.23 		54.926
v 6.963 		9.193 		54.667
v 7.118 		9.089 		54.439
v 6.848 		8.977 		54.667
v 7.02 		8.906 		54.439
v 6.777 		8.743 		54.667
v 6.96 		8.707 		54.439
v -9.5 		8.5 		54
v 13.0768 		11.003 		15.2308
v 13.082 		11.003 		15.221
v 13.084 		11.003 		15.222
v 13.0325 		11.003 		15.3195
v 13.036 		11.003 		15.308
v 13.038 		11.003 		15.309
v -9.293 		9.54 		56.561
v -9.257 		9.723 		56.333
v -9.5 		9.333 		56.747
v 25.003 		11.001 		37.875
v -9.5 		9.561 		56.561
v -9.5 		9.747 		56.333
v 25.003 		11.003 		38.003
v -9.663 		9.317 		56.747
v 15 		11.003 		37
v -9.707 		9.54 		56.561
v -5 		11.003 		37
v -8.683 		8.337 		54.253
v -8.937 		8.612 		54.114
v -8.926 		8.5 		54.114
v -15.002 		11.001 		37.875
v -9.213 		8.557 		54.029
v -9.207 		8.5 		54.029
v -15.002 		11.003 		38.003
v -8.97 		8.28 		54.114
v -8.937 		8.388 		54.114
v -9.213 		8.443 		54.029
v -9.23 		9.859 		54.926
v -9.5 		9.971 		55.207
v -9.5 		9.886 		54.926
v -9.787 		9.943 		55.207
v -9.77 		9.859 		54.926
v -2.3904 		27.1606 		77.2753
v 12.3904 		27.1606 		77.2753
v 5 		27.1607 		77.2754
v -9.743 		9.723 		56.333
v -9.819 		9.27 		56.747
v -9.906 		9.48 		56.561
v 18.5 		5 		52.4
v 18.305 		4.981 		52.4
v 18.117 		4.924 		52.4
v 17.944 		4.831 		52.4
v 17.793 		4.707 		52.4
v 17.669 		4.556 		52.4
v 17.576 		4.383 		52.4
v 17.519 		4.195 		52.4
v 19.481 		4.195 		52.4
v 19.424 		4.383 		52.4
v 19.331 		4.556 		52.4
v 19.207 		4.707 		52.4
v 19.056 		4.831 		52.4
v 18.883 		4.924 		52.4
v 18.695 		4.981 		52.4
v 19.481 		3.805 		52.4
v 19.5 		4 		52.4
v 18.5 		3 		52.4
v 18.695 		3.019 		52.4
v 18.883 		3.076 		52.4
v 19.056 		3.169 		52.4
v 19.207 		3.293 		52.4
v 19.331 		3.444 		52.4
v 19.424 		3.617 		52.4
v 18.305 		3.019 		52.4
v 17.5 		4 		52.4
v 17.519 		3.805 		52.4
v 17.576 		3.617 		52.4
v 17.669 		3.444 		52.4
v 17.793 		3.293 		52.4
v 17.944 		3.169 		52.4
v 18.117 		3.076 		52.4
v 5 		8.5396 		79.6544
v -7.5115 		8.5398 		79.6541
v 5 		7.2817 		80.6836
v -3.1108 		7.2817 		80.6835
v 20.002 		14.7382 		52.0077
v -10.002 		14.7382 		52.0077
v -10.002 		26.1549 		75.2296
v 20.002 		26.1549 		75.2296
v 17.5115 		8.5398 		79.6541
v 19.3305 		8.5398 		79.6541
v 13.1108 		7.2817 		80.6835
v 12.8874 		49 		68.1656
v -8.8874 		49 		68.1656
v 2 		49 		68.166
v 15.5 		5 		52.4
v 15.305 		4.981 		52.4
v 15.117 		4.924 		52.4
v 14.944 		4.831 		52.4
v 14.793 		4.707 		52.4
v 14.669 		4.556 		52.4
v 14.576 		4.383 		52.4
v 14.519 		4.195 		52.4
v 16.481 		4.195 		52.4
v 16.424 		4.383 		52.4
v 16.331 		4.556 		52.4
v 16.207 		4.707 		52.4
v 16.056 		4.831 		52.4
v 15.883 		4.924 		52.4
v 15.695 		4.981 		52.4
v 16.481 		3.805 		52.4
v 16.5 		4 		52.4
v 16.424 		3.617 		52.4
v -9.977 		9.652 		56.333
v 2 		39.413 		87.5806
v 12.2181 		39.4128 		87.5807
v -8.2181 		39.4128 		87.5807
v 15.5 		3 		52.4
v 15.695 		3.019 		52.4
v 15.883 		3.076 		52.4
v 16.056 		3.169 		52.4
v 16.207 		3.293 		52.4
v 16.331 		3.444 		52.4
v 14.5 		4 		52.4
v 14.519 		3.805 		52.4
v 14.576 		3.617 		52.4
v 14.669 		3.444 		52.4
v 14.793 		3.293 		52.4
v 14.944 		3.169 		52.4
v 15.117 		3.076 		52.4
v 15.305 		3.019 		52.4
v -10.002 		37.3133 		66.0004
v 20.002 		37.3133 		66.0004
v 20.002 		36.8151 		67.6464
v -10.002 		36.8151 		67.6464
v 20.002 		37.2135 		65.8304
v 20 		30.1337 		61.4761
v 20 		27.321 		74.204
v 20 		17.5851 		53.7585
v -10.002 		37.2135 		65.8304
v -10 		30.1337 		61.4761
v -10 		17.5851 		53.7585
v -10 		27.321 		74.204
v -10.089 		9.382 		56.561
v -10.193 		9.537 		56.333
v 6.753 		8.5 		54.667
v 6.939 		8.5 		54.439
v 6.777 		8.257 		54.667
v 6.96 		8.293 		54.439
v 7.167 		8.5 		54.253
v 9.223 		7.683 		55.207
v 9.359 		7.937 		55.207
v 9.28 		7.97 		54.926
v -9.23 		9.859 		56.074
v -9.5 		9.886 		56.074
v -9.77 		9.859 		56.074
v -10.03 		9.78 		56.074
v -9.5 		9.971 		55.793
v -9.5 		10 		55.5
v -9.787 		9.943 		55.793
v -9.793 		9.971 		55.5
v -10.063 		9.859 		55.793
v -10.074 		9.886 		55.5
v -9.28 		9.03 		56.886
v -9.388 		9.063 		56.886
v -9.5 		9.074 		56.886
v -9.612 		9.063 		56.886
v -9.72 		9.03 		56.886
v -9.293 		8.707 		56.971
v -9.337 		8.743 		56.971
v -9.388 		8.77 		56.971
v -9.443 		8.787 		56.971
v -9.5 		8.793 		56.971
v -9.557 		8.787 		56.971
v -9.612 		8.77 		56.971
v -9.663 		8.743 		56.971
v -9.707 		8.707 		56.971
v -9.819 		8.977 		56.886
v -9.963 		9.193 		56.747
v -9.906 		8.906 		56.886
v -10.089 		9.089 		56.747
v -9.977 		8.819 		56.886
v -10.193 		8.963 		56.747
v -10.063 		9.859 		55.207
v -10.03 		9.78 		54.926
v -9.257 		9.723 		54.667
v -9.293 		9.54 		54.439
v 12.5 		5 		52.4
v 12.305 		4.981 		52.4
v 12.117 		4.924 		52.4
v 11.944 		4.831 		52.4
v 11.793 		4.707 		52.4
v 11.669 		4.556 		52.4
v 11.576 		4.383 		52.4
v 11.519 		4.195 		52.4
v 13.481 		4.195 		52.4
v 13.424 		4.383 		52.4
v 13.331 		4.556 		52.4
v 13.207 		4.707 		52.4
v 13.056 		4.831 		52.4
v 12.883 		4.924 		52.4
v 12.695 		4.981 		52.4
v 8.817 		7.277 		55.793
v 13.481 		3.805 		52.4
v 13.5 		4 		52.4
v 12.305 		3.019 		52.4
v 12.5 		3 		52.4
v 12.695 		3.019 		52.4
v 12.883 		3.076 		52.4
v 13.056 		3.169 		52.4
v 13.207 		3.293 		52.4
v 13.331 		3.444 		52.4
v 13.424 		3.617 		52.4
v 12.117 		3.076 		52.4
v 8.833 		7.253 		55.5
v 11.5 		4 		52.4
v 11.519 		3.805 		52.4
v 11.576 		3.617 		52.4
v 11.669 		3.444 		52.4
v 11.793 		3.293 		52.4
v 11.944 		3.169 		52.4
v 9.04 		7.46 		55.793
v 9.061 		7.439 		55.5
v 8.75 		9.25 		56.561
v 8.882 		9.382 		56.333
v 1 		5 		52.4
v 1.981 		4.195 		52.4
v 1.924 		4.383 		52.4
v 1.831 		4.556 		52.4
v 1.707 		4.707 		52.4
v 1.556 		4.831 		52.4
v 1.383 		4.924 		52.4
v 1.195 		4.981 		52.4
v 8.589 		9.382 		56.561
v 8.693 		9.537 		56.333
v 8.319 		9.27 		56.747
v 8.406 		9.48 		56.561
v 8.477 		9.652 		56.333
v 8.207 		9.54 		56.561
v 8.243 		9.723 		56.333
v 9.223 		9.317 		55.793
v 9.247 		9.333 		55.5
v 9.152 		9.27 		56.074
v 8.98 		9.48 		56.074
v 8.77 		9.652 		56.074
v 8.53 		9.78 		56.074
v 8.27 		9.859 		56.074
v 9.04 		9.54 		55.793
v 9.061 		9.561 		55.5
v 8.817 		9.723 		55.793
v 8.833 		9.747 		55.5
v 8.563 		9.859 		55.793
v 8.574 		9.886 		55.5
v 8.287 		9.943 		55.793
v 8.293 		9.971 		55.5
v 9.247 		8.5 		56.333
v 9.223 		8.743 		56.333
v 9.223 		8.257 		56.333
v 9.04 		8.707 		56.561
v 8.77 		8.819 		56.747
v 8.98 		8.906 		56.561
v 9.152 		8.977 		56.333
v 8.27 		7.141 		56.074
v 8.287 		7.057 		55.793
v 8.293 		7.029 		55.5
v 8.563 		7.141 		55.793
v 8.574 		7.114 		55.5
v 7.681 		8.023 		56.886
v 7.78 		7.97 		56.886
v 7.888 		7.937 		56.886
v 8 		7.926 		56.886
v 8.112 		7.937 		56.886
v 7.681 		7.73 		56.747
v 7.837 		7.683 		56.747
v 8.163 		7.683 		56.747
v 7.23 		8.181 		56.747
v 7.523 		8.181 		56.886
v 7.307 		8.037 		56.747
v 7.594 		8.094 		56.886
v 7.411 		7.911 		56.747
v 7.25 		7.75 		56.561
v 7.537 		7.807 		56.747
v 7.793 		7.46 		56.561
v 7.757 		7.277 		56.333
v 8 		7.667 		56.747
v 8 		7.439 		56.561
v 8 		7.253 		56.333
v 7.411 		7.618 		56.561
v 7.307 		7.463 		56.333
v 7.594 		7.52 		56.561
v 7.523 		7.348 		56.333
v 7.02 		8.094 		56.561
v 6.848 		8.023 		56.333
v 7.118 		7.911 		56.561
v 6.963 		7.807 		56.333
v 7.118 		7.618 		56.333
v -9.5 		9.747 		54.667
v -9.5 		9.561 		54.439
v -9.707 		9.54 		54.439
v -9.743 		9.723 		54.667
v -9.977 		9.652 		54.667
v -9.906 		9.48 		54.439
v -10.193 		9.537 		54.667
v -10.089 		9.382 		54.439
v -9.337 		9.317 		54.253
v -9.5 		9.333 		54.253
v -9.663 		9.317 		54.253
v -9.819 		9.27 		54.253
v -9.28 		9.03 		54.114
v -9.388 		9.063 		54.114
v -9.5 		9.074 		54.114
v -9.612 		9.063 		54.114
v 8.53 		7.22 		54.926
v 8.817 		7.277 		55.207
v 8.77 		7.348 		54.926
v 9.04 		7.46 		55.207
v 8.98 		7.52 		54.926
v 9.152 		7.73 		54.926
v 8.75 		7.75 		54.439
v 9.037 		7.807 		54.667
v 8.882 		7.911 		54.439
v 9.152 		8.023 		54.667
v 8.98 		8.094 		54.439
v 8.243 		7.277 		54.667
v 8.207 		7.46 		54.439
v 8.477 		7.348 		54.667
v 8.406 		7.52 		54.439
v 8.693 		7.463 		54.667
v 8.589 		7.618 		54.439
v -9.72 		9.03 		54.114
v -9.293 		8.707 		54.029
v -9.337 		8.743 		54.029
v -9.388 		8.77 		54.029
v -9.443 		8.787 		54.029
v -9.5 		8.793 		54.029
v -9.557 		8.787 		54.029
v -9.612 		8.77 		54.029
v -9.663 		8.743 		54.029
v -9.707 		8.707 		54.029
v -9.963 		9.193 		54.253
v -9.819 		8.977 		54.114
v -10.089 		9.089 		54.253
v -9.906 		8.906 		54.114
v -10.193 		8.963 		54.253
v -9.977 		8.819 		54.114
v -10.03 		8.72 		54.114
v -9.23 		8.612 		54.029
v -9.257 		8.663 		54.029
v -10.03 		8.72 		56.886
v -9.23 		8.612 		56.971
v -9.257 		8.663 		56.971
v -9.443 		8.213 		54.029
v -9.388 		8.23 		54.029
v -9.337 		8.257 		54.029
v -9.293 		8.293 		54.029
v -9.257 		8.337 		54.029
v -9.23 		8.388 		54.029
v -9.707 		8.293 		54.029
v -9.663 		8.257 		54.029
v -9.5 		8.5 		57
v -9.612 		8.23 		54.029
v -9.557 		8.213 		54.029
v -9.5 		8.207 		54.029
v -9.743 		8.663 		54.029
v -9.77 		8.612 		54.029
v -10.063 		8.612 		54.114
v -9.787 		8.557 		54.029
v -10.074 		8.5 		54.114
v -9.793 		8.5 		54.029
v -9.443 		8.213 		56.971
v -9.388 		8.23 		56.971
v -10.063 		8.388 		54.114
v -9.337 		8.257 		56.971
v 8.882 		7.618 		54.667
v -9.293 		8.293 		56.971
v -9.257 		8.337 		56.971
v -9.23 		8.388 		56.971
v 8.287 		7.057 		55.207
v 8.27 		7.141 		54.926
v 8.563 		7.141 		55.207
v -9.707 		8.293 		56.971
v -9.663 		8.257 		56.971
v -9.612 		8.23 		56.971
v -9.557 		8.213 		56.971
v 8.77 		8.181 		54.253
v -9.5 		8.207 		56.971
v 8.319 		7.73 		54.253
v 8.22 		7.97 		54.114
v -9.743 		8.663 		56.971
v -9.77 		8.612 		56.971
v -9.787 		8.557 		56.971
v -10.063 		8.612 		56.886
v -9.793 		8.5 		56.971
v -10.074 		8.5 		56.886
v 8.463 		7.807 		54.253
v 8.319 		8.023 		54.114
v 8.882 		9.089 		56.561
v 8.589 		7.911 		54.253
v 8.406 		8.094 		54.114
v 8.693 		8.037 		54.253
v 8.477 		8.181 		54.114
v 7.183 		7.277 		55.207
v 7.23 		7.348 		54.926
v 7.47 		7.22 		54.926
v 7.25 		7.75 		54.439
v 7.757 		7.277 		54.667
v 7.793 		7.46 		54.439
v 8 		7.253 		54.667
v 8 		7.439 		54.439
v 7.307 		7.463 		54.667
v 7.411 		7.618 		54.439
v 7.523 		7.348 		54.667
v 7.594 		7.52 		54.439
v 7.437 		7.141 		55.207
v 7.713 		7.057 		55.207
v 7.73 		7.141 		54.926
v 8 		7.029 		55.207
v 8 		7.114 		54.926
v 7.681 		8.023 		54.114
v 7.78 		7.97 		54.114
v 7.888 		7.937 		54.114
v 8.112 		7.937 		54.114
v 8.1122 		7.936 		54.1146
v 8.1122 		7.936 		54.1146
v 8.1122 		7.936 		54.1146
v 8.1122 		7.936 		54.1146
v 7.681 		7.73 		54.253
v 7.837 		7.683 		54.253
v 7.23 		7.348 		56.074
v 7.183 		7.277 		55.793
v 7.47 		7.22 		56.074
v 7.437 		7.141 		55.793
v 7.426 		7.114 		55.5
v 7.73 		7.141 		56.074
v 7.713 		7.057 		55.793
v 7.707 		7.029 		55.5
v 8 		7.114 		56.074
v 8 		7.029 		55.793
v 8 		7 		55.5
v 6.72 		7.97 		56.074
v 6.848 		7.73 		56.074
v 7.02 		7.52 		56.074
v 6.641 		7.937 		55.793
v 6.614 		7.926 		55.5
v 6.777 		7.683 		55.793
v 9.037 		9.193 		56.333
v 6.753 		7.667 		55.5
v 6.96 		7.46 		55.793
v 6.939 		7.439 		55.5
v 8.53 		8.72 		56.886
v 7.167 		7.253 		55.5
v 8.477 		8.819 		56.886
v 8.207 		8.707 		56.971
v 8.406 		8.906 		56.886
v 9.223 		9.317 		55.207
v 9.152 		9.27 		54.926
v 9.04 		9.54 		55.207
v 8.319 		8.977 		56.886
v 8.98 		9.48 		54.926
v 8.22 		9.03 		56.886
v 8.817 		9.723 		55.207
v 8.77 		9.652 		54.926
v 8.693 		8.963 		56.747
v 8.563 		9.859 		55.207
v 8.589 		9.089 		56.747
v 8.53 		9.78 		54.926
v 8.463 		9.193 		56.747
v 8.287 		9.943 		55.207
v 8.27 		9.859 		54.926
v 8.833 		8.5 		56.747
v 8.817 		8.663 		56.747
v 9.061 		8.5 		56.561
v 8.882 		9.382 		54.667
v 8.75 		9.25 		54.439
v 8.693 		9.537 		54.667
v 8.817 		8.337 		56.747
v 9.04 		8.293 		56.561
v 8.293 		8.5 		56.971
v 8.287 		8.557 		56.971
v 8.574 		8.5 		56.886
v 8.563 		8.612 		56.886
v 8.27 		8.612 		56.971
v 8.243 		8.663 		56.971
v 8.207 		8.293 		56.971
v 8.243 		8.337 		56.971
v 8.27 		8.388 		56.971
v 8.53 		8.28 		56.886
v 8.287 		8.443 		56.971
v 8.563 		8.388 		56.886
v 9.359 		8.77 		56.074
v 9.386 		8.5 		56.074
v 9.28 		9.03 		56.074
v 9.359 		8.23 		56.074
v 9.471 		8.5 		55.793
v 9.443 		8.787 		55.793
v 9.471 		8.793 		55.5
v 9.5 		8.5 		55.5
v 9.359 		9.063 		55.793
v 9.386 		9.074 		55.5
v -9.787 		8.443 		54.029
v -10.03 		8.28 		54.114
v -9.77 		8.388 		54.029
v 9.443 		8.213 		55.793
v -9.743 		8.337 		54.029
v 9.471 		8.207 		55.5
v -10.317 		9.723 		55.207
v -10.27 		9.652 		54.926
v 8.163 		9.317 		56.747
v -10.54 		9.54 		55.207
v 8 		9.333 		56.747
v -10.48 		9.48 		54.926
v -10.382 		9.382 		54.667
v -10.25 		9.25 		54.439
v -10.723 		9.317 		55.207
v -10.652 		9.27 		54.926
v -10.859 		9.063 		55.207
v -10.78 		9.03 		54.926
v -10.943 		8.787 		55.207
v -10.859 		8.77 		54.926
v -10.971 		8.5 		55.207
v -10.886 		8.5 		54.926
v -10.943 		8.213 		55.207
v -10.859 		8.23 		54.926
v -10.537 		9.193 		54.667
v -10.382 		9.089 		54.439
v -9.787 		8.443 		56.971
v -10.063 		8.388 		56.886
v -9.77 		8.388 		56.971
v -10.03 		8.28 		56.886
v -9.743 		8.337 		56.971
v -10.25 		9.25 		56.561
v -10.382 		9.382 		56.333
v -10.27 		9.652 		56.074
v -10.317 		9.723 		55.793
v -10.333 		9.747 		55.5
v -10.48 		9.48 		56.074
v -10.54 		9.54 		55.793
v -10.561 		9.561 		55.5
v -10.652 		9.27 		56.074
v -10.723 		9.317 		55.793
v -10.747 		9.333 		55.5
v -10.382 		9.089 		56.561
v -10.537 		9.193 		56.333
v 8 		7.926 		54.114
v 8.163 		7.683 		54.253
v 8.1122 		7.936 		54.1146
v 7.23 		8.181 		54.253
v 7.307 		8.037 		54.253
v 7.523 		8.181 		54.114
v 7.411 		7.911 		54.253
v 7.594 		8.094 		54.114
v 7.537 		7.807 		54.253
v 8 		7.667 		54.253
v 6.641 		7.937 		55.207
v 6.72 		7.97 		54.926
v 6.777 		7.683 		55.207
v 6.848 		7.73 		54.926
v 6.96 		7.46 		55.207
v 7.02 		7.52 		54.926
v 6.848 		8.023 		54.667
v 7.02 		8.094 		54.439
v 6.963 		7.807 		54.667
v 7.118 		7.911 		54.439
v 7.118 		7.618 		54.667
v 8 		9.561 		56.561
v 8 		9.747 		56.333
v -9.3305 		8.5398 		79.6541
v 7.837 		9.317 		56.747
v 7.793 		9.54 		56.561
v -8.141 		8.77 		56.074
v -8.114 		8.5 		56.074
v 7.757 		9.723 		56.333
v 7.681 		9.27 		56.747
v -8.141 		8.23 		56.074
v -8.029 		8.5 		55.793
v -8.057 		8.787 		55.793
v -8.029 		8.793 		55.5
v -8 		8.5 		55.5
v -8.141 		9.063 		55.793
v 7.594 		9.48 		56.561
v -8.114 		9.074 		55.5
v 7.523 		9.652 		56.333
v 7.411 		9.382 		56.561
v 7.307 		9.537 		56.333
v 7.25 		9.25 		56.561
v 7.118 		9.382 		56.333
v 8 		9.886 		56.074
v 7.73 		9.859 		56.074
v 7.47 		9.78 		56.074
v 7.23 		9.652 		56.074
v 8 		10 		55.5
v 8.589 		9.382 		54.439
v 8.477 		9.652 		54.667
v 8.406 		9.48 		54.439
v 8.243 		9.723 		54.667
v 8.207 		9.54 		54.439
v 8.319 		9.27 		54.253
v 9.471 		8.5 		55.207
v 9.443 		8.787 		55.207
v 9.359 		8.77 		54.926
v 9.386 		8.5 		54.926
v 9.359 		9.063 		55.207
v 9.28 		9.03 		54.926
v 9.443 		8.213 		55.207
v 9.359 		8.23 		54.926
v 9.247 		8.5 		54.667
v 9.223 		8.743 		54.667
v -10.652 		8.977 		54.667
v -10.48 		8.906 		54.439
v -10.723 		8.743 		54.667
v -10.54 		8.707 		54.439
v -10.27 		8.819 		56.747
v -10.48 		8.906 		56.561
v -10.652 		8.977 		56.333
v -10.747 		8.5 		54.667
v -10.561 		8.5 		54.439
v -10.723 		8.257 		54.667
v -10.54 		8.707 		56.561
v -10.723 		8.743 		56.333
v -10.317 		8.663 		56.747
v -10.333 		8.5 		56.747
v -10.561 		8.5 		56.561
v -10.747 		8.5 		56.333
v -10.317 		8.337 		56.747
v -10.54 		8.293 		56.561
v -10.723 		8.257 		56.333
v -10.78 		9.03 		56.074
v -10.859 		8.77 		56.074
v -10.886 		8.5 		56.074
v -10.859 		8.23 		56.074
v -10.859 		9.063 		55.793
v -10.886 		9.074 		55.5
v -10.943 		8.787 		55.793
v -10.971 		8.793 		55.5
v -10.971 		8.5 		55.793
v -11 		8.5 		55.5
v -10.943 		8.213 		55.793
v -10.971 		8.207 		55.5
v -8.141 		7.937 		55.793
v -8.114 		7.926 		55.5
v -8.618 		7.911 		56.561
v -8.463 		7.807 		56.333
v -8.52 		8.094 		56.561
v -8.348 		8.023 		56.333
v -9.181 		8.023 		56.886
v 9.223 		8.257 		54.667
v 9.04 		8.707 		54.439
v 9.152 		8.977 		54.667
v 8.98 		8.906 		54.439
v 9.037 		9.193 		54.667
v 8.882 		9.089 		54.439
v 9.061 		8.5 		54.439
v -10.54 		8.293 		54.439
v -10.27 		8.819 		54.253
v -10.317 		8.663 		54.253
v -10.333 		8.5 		54.253
v -10.317 		8.337 		54.253
v -8.141 		7.937 		55.207
v -8.97 		7.22 		54.926
v -8.683 		7.277 		55.207
v -8.73 		7.348 		54.926
v -8.46 		7.46 		55.207
v -8.52 		7.52 		54.926
v -8.277 		7.683 		55.207
v -8.348 		7.73 		54.926
v -8.22 		7.97 		54.926
v -8.75 		7.75 		54.439
v -8.463 		7.807 		54.667
v -8.618 		7.911 		54.439
v -8.348 		8.023 		54.667
v -8.52 		8.094 		54.439
v -9.023 		7.348 		54.667
v -9.094 		7.52 		54.439
v -8.807 		7.463 		54.667
v -8.911 		7.618 		54.439
v -8.618 		7.618 		54.667
v 9.04 		8.293 		54.439
v 8.77 		8.819 		54.253
v 8.693 		8.963 		54.253
v 8.589 		9.089 		54.253
v 8.463 		9.193 		54.253
v 8.319 		8.977 		54.114
v 8.22 		9.03 		54.114
v 8.53 		8.72 		54.114
v 8.477 		8.819 		54.114
v 8.406 		8.906 		54.114
v -8.057 		8.213 		55.793
v -8.029 		8.207 		55.5
v -8.75 		9.25 		56.561
v -8.618 		9.382 		56.333
v -8.911 		9.382 		56.561
v -8.807 		9.537 		56.333
v -9.181 		9.27 		56.747
v -9.094 		9.48 		56.561
v -9.023 		9.652 		56.333
v -8.348 		9.27 		56.074
v -8.52 		9.48 		56.074
v -8.73 		9.652 		56.074
v -8.97 		9.78 		56.074
v -8.277 		9.317 		55.793
v -8.253 		9.333 		55.5
v -8.439 		9.561 		55.5
v -9.094 		8.094 		56.886
v -9.023 		8.181 		56.886
v -9.181 		7.73 		56.747
v -9.037 		7.807 		56.747
v -8.911 		7.911 		56.747
v -8.75 		7.75 		56.561
v -8.807 		8.037 		56.747
v -8.73 		8.181 		56.747
v -9.213 		7.057 		55.207
v -8.937 		7.141 		55.207
v -9.181 		7.73 		54.253
v -9.037 		7.807 		54.253
v -9.094 		7.52 		56.561
v -9.023 		7.348 		56.333
v -8.911 		7.618 		56.561
v -8.807 		7.463 		56.333
v -8.618 		7.618 		56.333
v -8.97 		7.22 		56.074
v -8.73 		7.348 		56.074
v -8.52 		7.52 		56.074
v -8.348 		7.73 		56.074
v -8.22 		7.97 		56.074
v -8.683 		7.277 		55.793
v -8.667 		7.253 		55.5
v -8.46 		7.46 		55.793
v -8.439 		7.439 		55.5
v -8.277 		7.683 		55.793
v -8.253 		7.667 		55.5
v -9.213 		7.057 		55.793
v -9.207 		7.029 		55.5
v -8.937 		7.141 		55.793
v -8.926 		7.114 		55.5
v -9.72 		7.97 		56.886
v -9.612 		7.937 		56.886
v -9.5 		7.926 		56.886
v -9.388 		7.937 		56.886
v -9.28 		7.97 		56.886
v -9.181 		8.023 		54.114
v -8.911 		7.911 		54.253
v -9.094 		8.094 		54.114
v -9.663 		7.683 		56.747
v -8.807 		8.037 		54.253
v -9.337 		7.683 		56.747
v -9.023 		8.181 		54.114
v -8.73 		8.181 		54.253
v -9.977 		8.181 		56.886
v -10.193 		8.037 		56.747
v -9.906 		8.094 		56.886
v -10.089 		7.911 		56.747
v -10.03 		7.22 		54.926
v -9.819 		8.023 		56.886
v -9.963 		7.807 		56.747
v -9.819 		7.73 		56.747
v -9.707 		7.46 		56.561
v -9.5 		7.667 		56.747
v -9.5 		7.439 		56.561
v -9.707 		7.46 		54.439
v -9.5 		7.253 		56.333
v -9.293 		7.46 		56.561
v -9.257 		7.277 		56.333
v -9.5 		7.439 		54.439
v -10.089 		7.618 		56.561
v -10.193 		7.463 		56.333
v -9.906 		7.52 		56.561
v -9.977 		7.348 		56.333
v -9.743 		7.277 		56.333
v -10.03 		7.22 		56.074
v -9.77 		7.141 		56.074
v -9.5 		7.114 		56.074
# 2876 vertices

g group_0_-1499859

usemtl color_-1499859
s 0

f 2 	1 	3
f 2778 	1 	2
f 7 	4 	5
f 7 	6 	4
f 46 	4 	6
f 2864 	8 	6
f 2864 	6 	7
f 11 	10 	9
f 556 	10 	12
f 11 	13 	10
f 10 	13 	12
f 11 	3 	13
f 13 	14 	12
f 16 	24 	23
f 19 	18 	17
f 2457 	17 	24
f 17 	21 	20
f 17 	20 	19
f 2459 	2845 	21
f 19 	20 	22
f 33 	15 	16
f 24 	34 	23
f 25 	34 	18
f 17 	18 	34
f 18 	19 	26
f 18 	26 	25
f 22 	26 	19
f 17 	34 	24
f 26 	22 	20
f 25 	21 	2818
f 21 	2845 	2818
f 20 	21 	25
f 20 	25 	26
f 28 	30 	27
f 30 	29 	27
f 32 	31 	29
f 30 	32 	29
f 32 	15 	31
f 33 	31 	15
f 16 	23 	33
f 2864 	7 	23
f 36 	38 	35
f 38 	37 	35
f 38 	40 	37
f 40 	39 	37
f 46 	41 	39
f 40 	46 	39
f 84 	94 	36
f 94 	38 	36
f 110 	94 	84
f 110 	134 	94
f 89 	110 	84
f 129 	40 	38
f 94 	129 	38
f 94 	134 	129
f 129 	4 	40
f 5 	4 	129
f 5 	129 	134
f 89 	153 	27
f 28 	27 	153
f 162 	289 	163
f 163 	289 	400
f 290 	162 	163
f 165 	602 	166
f 295 	166 	589
f 293 	294 	166
f 301 	163 	302
f 266 	265 	200
f 92 	90 	169
f 82 	169 	85
f 80 	78 	154
f 150 	149 	169
f 169 	147 	146
f 169 	146 	184
f 169 	184 	183
f 183 	161 	169
f 202 	203 	158
f 215 	214 	169
f 169 	214 	213
f 211 	166 	170
f 209 	166 	210
f 169 	212 	166
f 186 	143 	188
f 171 	253 	141
f 157 	156 	172
f 158 	157 	204
f 203 	216 	159
f 160 	159 	216
f 155 	154 	76
f 173 	236 	49
f 154 	152 	80
f 169 	82 	152
f 169 	152 	151
f 150 	169 	151
f 58 	72 	174
f 68 	66 	169
f 238 	42 	224
f 58 	174 	176
f 174 	563 	176
f 562 	561 	176
f 561 	560 	176
f 177 	176 	560
f 179 	178 	560
f 178 	177 	560
f 181 	226 	182
f 182 	225 	175
f 175 	224 	42
f 42 	238 	43
f 238 	237 	43
f 49 	236 	51
f 51 	130 	53
f 53 	130 	55
f 128 	145 	55
f 62 	169 	64
f 59 	169 	60
f 60 	169 	62
f 64 	169 	66
f 169 	174 	68
f 70 	68 	174
f 74 	55 	145
f 76 	74 	145
f 145 	155 	76
f 87 	85 	169
f 87 	169 	90
f 169 	59 	92
f 139 	138 	255
f 128 	55 	130
f 131 	236 	132
f 130 	51 	131
f 51 	236 	131
f 132 	234 	133
f 133 	233 	135
f 136 	243 	137
f 241 	242 	137
f 138 	137 	242
f 141 	253 	142
f 242 	255 	138
f 142 	188 	143
f 143 	186 	144
f 186 	187 	144
f 78 	76 	154
f 148 	169 	149
f 147 	169 	148
f 82 	80 	152
f 156 	144 	187
f 187 	172 	156
f 204 	202 	158
f 159 	158 	203
f 193 	258 	185
f 250 	249 	192
f 191 	250 	192
f 168 	196 	270
f 172 	204 	157
f 190 	189 	253
f 188 	142 	189
f 189 	142 	253
f 185 	257 	194
f 194 	271 	195
f 195 	270 	196
f 168 	269 	197
f 196 	168 	197
f 198 	197 	269
f 198 	268 	199
f 268 	267 	199
f 267 	266 	199
f 200 	199 	266
f 216 	215 	160
f 161 	160 	215
f 167 	166 	205
f 206 	205 	166
f 206 	166 	207
f 207 	166 	208
f 208 	166 	209
f 210 	166 	211
f 212 	169 	213
f 170 	166 	212
f 169 	161 	215
f 259 	193 	248
f 249 	248 	193
f 190 	251 	191
f 219 	220 	229
f 244 	136 	231
f 542 	543 	174
f 221 	564 	174
f 562 	176 	563
f 227 	226 	560
f 560 	559 	227
f 226 	181 	560
f 225 	182 	226
f 181 	180 	560
f 180 	179 	560
f 224 	175 	223
f 230 	229 	239
f 240 	245 	230
f 245 	244 	230
f 231 	230 	244
f 233 	133 	234
f 234 	132 	235
f 239 	240 	230
f 220 	239 	229
f 235 	132 	236
f 223 	175 	225
f 49 	47 	173
f 237 	173 	47
f 47 	43 	237
f 232 	135 	233
f 241 	137 	243
f 243 	136 	244
f 217 	218 	246
f 218 	261 	246
f 248 	247 	260
f 247 	246 	261
f 261 	260 	247
f 250 	191 	251
f 251 	190 	252
f 260 	259 	248
f 252 	190 	253
f 135 	232 	136
f 141 	140 	171
f 254 	171 	140
f 255 	254 	139
f 231 	136 	232
f 140 	139 	254
f 257 	185 	256
f 258 	193 	259
f 256 	185 	258
f 193 	192 	249
f 262 	581 	263
f 263 	581 	264
f 264 	166 	265
f 167 	201 	265
f 201 	200 	265
f 166 	167 	265
f 166 	264 	581
f 268 	198 	269
f 270 	195 	271
f 271 	194 	257
f 285 	272 	400
f 273 	400 	272
f 1602 	1601 	278
f 278 	279 	1602
f 284 	1602 	279
f 277 	278 	1601
f 292 	284 	279
f 281 	1597 	280
f 282 	1598 	281
f 283 	1598 	282
f 1601 	1596 	277
f 1594 	1593 	274
f 288 	287 	400
f 285 	400 	286
f 286 	400 	287
f 288 	400 	289
f 280 	284 	292
f 291 	163 	299
f 290 	163 	291
f 299 	163 	300
f 300 	163 	301
f 302 	166 	294
f 166 	302 	163
f 540 	539 	575
f 521 	515 	504
f 505 	504 	507
f 320 	319 	316
f 319 	318 	316
f 557 	558 	222
f 222 	711 	303
f 711 	710 	303
f 710 	625 	303
f 306 	1114 	307
f 310 	1114 	311
f 312 	474 	313
f 313 	473 	314
f 314 	321 	315
f 315 	321 	316
f 321 	320 	316
f 219 	317 	220
f 318 	220 	317
f 317 	316 	318
f 322 	323 	324
f 322 	324 	325
f 326 	331 	328
f 327 	333 	326
f 334 	330 	331
f 328 	331 	330
f 331 	332 	334
f 331 	326 	333
f 327 	366 	333
f 365 	329 	371
f 362 	391 	329
f 365 	366 	329
f 338 	339 	340
f 338 	340 	341
f 339 	338 	342
f 338 	335 	342
f 344 	343 	345
f 344 	345 	335
f 341 	347 	338
f 341 	340 	358
f 335 	338 	344
f 350 	348 	349
f 348 	350 	347
f 348 	332 	331
f 348 	331 	349
f 351 	350 	349
f 349 	331 	352
f 351 	349 	352
f 354 	352 	353
f 331 	333 	352
f 353 	352 	333
f 355 	353 	333
f 369 	378 	334
f 351 	356 	357
f 351 	357 	350
f 353 	357 	356
f 356 	354 	353
f 341 	358 	347
f 357 	338 	347
f 350 	357 	347
f 357 	344 	338
f 353 	344 	357
f 359 	344 	355
f 353 	355 	344
f 359 	360 	344
f 343 	344 	360
f 359 	355 	376
f 388 	376 	355
f 359 	346 	361
f 359 	361 	360
f 1575 	363 	362
f 367 	333 	366
f 327 	329 	366
f 369 	334 	368
f 364 	369 	368
f 332 	368 	334
f 333 	367 	370
f 373 	365 	372
f 371 	372 	365
f 376 	375 	359
f 1010 	366 	365
f 366 	375 	367
f 376 	367 	375
f 346 	359 	375
f 388 	370 	367
f 388 	367 	376
f 369 	377 	378
f 364 	374 	369
f 379 	380 	381
f 348 	347 	384
f 384 	347 	382
f 379 	386 	380
f 368 	332 	384
f 348 	384 	332
f 386 	385 	380
f 368 	384 	382
f 383 	364 	382
f 374 	364 	383
f 368 	382 	364
f 461 	386 	379
f 374 	377 	369
f 377 	374 	383
f 378 	377 	383
f 333 	370 	355
f 388 	355 	370
f 1010 	365 	373
f 395 	387 	385
f 864 	1008 	322
f 372 	322 	373
f 389 	322 	372
f 372 	371 	389
f 362 	363 	391
f 390 	391 	363
f 371 	329 	391
f 390 	389 	371
f 390 	371 	391
f 395 	385 	386
f 322 	390 	323
f 363 	323 	390
f 389 	390 	322
f 324 	392 	325
f 394 	393 	396
f 352 	356 	351
f 356 	352 	354
f 400 	401 	163
f 395 	399 	387
f 401 	396 	163
f 387 	399 	398
f 342 	345 	339
f 340 	339 	358
f 358 	339 	345
f 345 	343 	358
f 358 	343 	360
f 358 	360 	401
f 360 	361 	401
f 396 	401 	361
f 393 	163 	396
f 408 	410 	414
f 415 	414 	410
f 408 	414 	407
f 412 	2783 	2752
f 471 	413 	415
f 414 	415 	413
f 417 	407 	414
f 406 	417 	468
f 417 	406 	407
f 469 	468 	417
f 419 	411 	416
f 418 	412 	411
f 419 	418 	411
f 420 	418 	419
f 335 	2237 	421
f 419 	422 	420
f 2221 	415 	410
f 423 	424 	425
f 423 	425 	426
f 425 	428 	426
f 427 	2789 	418
f 421 	426 	428
f 427 	429 	2789
f 420 	427 	418
f 451 	435 	426
f 427 	1417 	429
f 459 	454 	430
f 454 	444 	430
f 459 	430 	431
f 430 	421 	432
f 430 	432 	431
f 429 	1417 	403
f 439 	440 	438
f 435 	438 	440
f 413 	440 	414
f 439 	414 	440
f 471 	785 	413
f 417 	444 	443
f 445 	2490 	437
f 446 	444 	439
f 438 	447 	439
f 446 	439 	447
f 445 	416 	2490
f 441 	448 	437
f 442 	443 	444
f 439 	444 	414
f 414 	444 	417
f 448 	445 	437
f 416 	445 	419
f 422 	445 	448
f 422 	419 	445
f 424 	423 	449
f 423 	435 	449
f 423 	426 	435
f 435 	451 	438
f 438 	451 	452
f 438 	452 	447
f 444 	454 	442
f 421 	430 	426
f 451 	430 	444
f 454 	455 	443
f 454 	443 	442
f 450 	2573 	453
f 433 	457 	455
f 446 	452 	444
f 451 	444 	452
f 451 	426 	430
f 431 	460 	459
f 417 	443 	457
f 443 	455 	457
f 458 	456 	450
f 454 	459 	455
f 417 	457 	795
f 458 	463 	456
f 453 	458 	450
f 433 	455 	459
f 433 	599 	457
f 459 	462 	433
f 460 	462 	459
f 461 	379 	456
f 1575 	409 	1854
f 456 	463 	461
f 845 	1854 	405
f 461 	465 	386
f 395 	386 	465
f 463 	467 	461
f 467 	465 	461
f 406 	468 	409
f 466 	409 	468
f 471 	524 	464
f 321 	314 	473
f 473 	313 	474
f 475 	474 	1114
f 312 	1114 	474
f 479 	478 	665
f 481 	675 	490
f 676 	1100 	490
f 496 	490 	1104
f 526 	521 	499
f 504 	499 	521
f 218 	217 	507
f 506 	503 	508
f 217 	505 	507
f 515 	507 	504
f 526 	499 	1104
f 1100 	1104 	490
f 615 	336 	529
f 336 	337 	529
f 337 	630 	529
f 536 	1195 	537
f 535 	612 	536
f 537 	574 	539
f 574 	575 	539
f 506 	594 	503
f 542 	174 	544
f 544 	174 	545
f 174 	1356 	545
f 546 	1355 	548
f 1355 	1756 	548
f 554 	1176 	553
f 552 	553 	1175
f 555 	1176 	554
f 556 	547 	538
f 228 	227 	559
f 222 	228 	557
f 559 	557 	228
f 541 	556 	538
f 563 	174 	564
f 9 	10 	541
f 221 	174 	543
f 10 	556 	541
f 569 	1169 	568
f 570 	1170 	569
f 571 	573 	570
f 572 	573 	571
f 1169 	1168 	568
f 567 	568 	1168
f 575 	583 	540
f 164 	582 	262
f 581 	262 	582
f 581 	580 	166
f 579 	166 	578
f 556 	576 	547
f 578 	166 	580
f 582 	164 	583
f 164 	540 	583
f 576 	565 	547
f 12 	576 	556
f 587 	1634 	586
f 585 	586 	1633
f 588 	1634 	587
f 293 	166 	295
f 524 	471 	415
f 417 	590 	469
f 470 	469 	590
f 591 	404 	466
f 409 	466 	405
f 404 	405 	466
f 594 	593 	503
f 2837 	2836 	565
f 2837 	565 	576
f 596 	597 	598
f 594 	609 	593
f 468 	469 	599
f 597 	599 	598
f 598 	599 	469
f 985 	909 	599
f 589 	166 	602
f 593 	601 	2804
f 166 	579 	603
f 166 	603 	165
f 609 	601 	593
f 606 	607 	610
f 1631 	610 	608
f 608 	584 	1631
f 584 	585 	1632
f 1633 	1632 	585
f 610 	1629 	606
f 605 	606 	1628
f 1628 	1627 	605
f 597 	457 	599
f 470 	622 	598
f 622 	596 	598
f 598 	469 	470
f 1232 	1231 	1074
f 1233 	1232 	1074
f 1238 	1233 	1074
f 574 	537 	577
f 529 	528 	615
f 527 	526 	1104
f 479 	665 	480
f 676 	490 	675
f 480 	671 	481
f 499 	496 	1104
f 478 	477 	665
f 477 	475 	1114
f 1114 	665 	477
f 311 	1114 	312
f 1114 	310 	309
f 1114 	309 	308
f 308 	307 	1114
f 708 	707 	305
f 706 	705 	306
f 705 	704 	306
f 704 	703 	306
f 1114 	306 	702
f 659 	660 	1114
f 661 	1114 	626
f 662 	1114 	661
f 662 	663 	1114
f 666 	480 	665
f 400 	656 	655
f 400 	655 	627
f 654 	1114 	627
f 653 	1114 	654
f 631 	1114 	633
f 631 	632 	1114
f 632 	634 	1114
f 634 	635 	1114
f 659 	1114 	635
f 638 	646 	1114
f 1114 	637 	638
f 637 	1114 	639
f 400 	627 	1114
f 641 	1114 	640
f 639 	1114 	641
f 644 	1114 	643
f 643 	1114 	645
f 645 	1114 	646
f 633 	1114 	650
f 650 	1114 	649
f 649 	1114 	644
f 642 	1114 	651
f 640 	1114 	642
f 651 	1114 	652
f 652 	1114 	653
f 626 	1114 	660
f 667 	480 	666
f 671 	480 	667
f 665 	1114 	663
f 672 	481 	671
f 675 	481 	674
f 400 	684 	656
f 684 	696 	687
f 698 	695 	400
f 696 	400 	695
f 684 	400 	696
f 701 	687 	696
f 698 	400 	709
f 709 	400 	722
f 730 	723 	400
f 400 	723 	722
f 622 	795 	596
f 622 	470 	795
f 524 	774 	775
f 415 	774 	524
f 524 	592 	464
f 778 	435 	785
f 435 	440 	785
f 440 	413 	785
f 782 	778 	464
f 592 	782 	464
f 464 	778 	471
f 785 	471 	778
f 524 	775 	592
f 592 	775 	782
f 782 	775 	774
f 417 	795 	590
f 597 	596 	457
f 795 	457 	596
f 795 	470 	590
f 1007 	841 	591
f 803 	806 	808
f 447 	452 	446
f 818 	826 	823
f 808 	806 	826
f 424 	449 	425
f 432 	428 	425
f 460 	431 	449
f 425 	449 	432
f 432 	449 	431
f 449 	823 	460
f 823 	826 	806
f 806 	462 	823
f 460 	823 	462
f 404 	841 	842
f 404 	842 	843
f 404 	843 	405
f 848 	849 	850
f 845 	853 	848
f 860 	853 	845
f 849 	848 	853
f 860 	845 	405
f 842 	858 	843
f 853 	850 	849
f 405 	843 	323
f 324 	323 	843
f 323 	860 	405
f 858 	392 	324
f 858 	324 	843
f 322 	325 	864
f 325 	842 	864
f 841 	864 	842
f 1056 	1008 	866
f 855 	866 	864
f 855 	864 	841
f 842 	325 	392
f 842 	392 	858
f 853 	860 	870
f 870 	850 	853
f 409 	1575 	329
f 1575 	362 	329
f 346 	986 	433
f 361 	346 	462
f 433 	462 	346
f 394 	396 	803
f 806 	803 	396
f 468 	599 	909
f 983 	2129 	984
f 911 	2854 	595
f 600 	911 	595
f 611 	914 	600
f 914 	911 	600
f 730 	400 	912
f 913 	912 	400
f 916 	913 	400
f 917 	915 	911
f 914 	917 	911
f 921 	914 	611
f 921 	611 	920
f 609 	2264 	601
f 923 	914 	921
f 923 	917 	914
f 921 	934 	923
f 926 	2870 	917
f 923 	926 	917
f 927 	925 	922
f 931 	925 	927
f 926 	2874 	2870
f 931 	930 	925
f 924 	927 	922
f 37 	929 	35
f 37 	933 	929
f 920 	932 	921
f 928 	932 	920
f 933 	932 	928
f 928 	929 	933
f 931 	2795 	930
f 931 	2802 	2795
f 921 	932 	934
f 933 	936 	932
f 936 	934 	932
f 39 	936 	933
f 37 	39 	933
f 937 	939 	935
f 934 	940 	923
f 939 	938 	935
f 940 	926 	923
f 937 	930 	939
f 941 	940 	934
f 941 	934 	936
f 925 	930 	937
f 41 	936 	39
f 41 	941 	936
f 943 	942 	938
f 943 	949 	942
f 939 	943 	938
f 946 	945 	944
f 2795 	2794 	930
f 944 	948 	946
f 942 	947 	2274
f 947 	942 	949
f 398 	953 	397
f 953 	402 	397
f 958 	953 	398
f 958 	398 	399
f 953 	1687 	402
f 974 	2673 	975
f 973 	980 	979
f 973 	974 	980
f 980 	974 	981
f 841 	404 	591
f 323 	363 	860
f 985 	986 	984
f 983 	984 	986
f 984 	909 	985
f 981 	974 	975
f 986 	987 	988
f 986 	988 	983
f 981 	975 	982
f 985 	433 	986
f 976 	982 	975
f 991 	2140 	988
f 984 	2129 	909
f 988 	2129 	983
f 982 	976 	989
f 366 	991 	375
f 988 	987 	991
f 375 	991 	987
f 989 	977 	990
f 1056 	866 	855
f 870 	1576 	850
f 977 	989 	976
f 990 	977 	1053
f 1053 	994 	990
f 466 	1006 	591
f 1007 	591 	1006
f 1856 	1055 	1007
f 864 	866 	1008
f 472 	1009 	453
f 1009 	458 	453
f 373 	1008 	1010
f 1011 	1009 	472
f 1008 	1572 	1010
f 373 	322 	1008
f 1576 	870 	1575
f 1864 	850 	1576
f 476 	1011 	472
f 468 	2126 	466
f 458 	1009 	1015
f 1016 	1009 	1011
f 1009 	1016 	1015
f 2137 	366 	1010
f 1015 	463 	458
f 1015 	1017 	463
f 1017 	467 	463
f 1019 	1017 	1015
f 1016 	1019 	1015
f 973 	2615 	974
f 974 	2615 	2673
f 1044 	977 	976
f 1054 	1053 	977
f 1007 	1006 	1856
f 1855 	1856 	1006
f 1860 	1859 	850
f 1854 	845 	848
f 1055 	855 	1007
f 841 	1007 	855
f 1044 	1054 	977
f 850 	1864 	1860
f 1572 	1008 	1056
f 1573 	1010 	1572
f 1055 	1056 	855
f 1053 	1057 	994
f 1575 	860 	363
f 1054 	1058 	1053
f 1057 	1053 	1058
f 1054 	1475 	1058
f 918 	916 	400
f 1074 	1072 	400
f 919 	918 	400
f 400 	1238 	1074
f 1072 	919 	400
f 1075 	948 	1073
f 1078 	1203 	1079
f 948 	944 	1073
f 1087 	1202 	1084
f 2806 	1081 	1085
f 1082 	1086 	1081
f 1086 	1085 	1081
f 1090 	1203 	1088
f 1088 	1203 	1087
f 1079 	1203 	1090
f 506 	2807 	1089
f 1094 	1089 	1085
f 1094 	1085 	1086
f 1083 	1201 	1093
f 1084 	1201 	1083
f 1093 	1200 	1092
f 1094 	1096 	1089
f 1095 	594 	506
f 1095 	506 	1089
f 1089 	1096 	1095
f 2144 	1099 	1095
f 1091 	1200 	1098
f 1098 	1200 	1097
f 1092 	1200 	1091
f 594 	1095 	1099
f 674 	481 	672
f 1099 	609 	594
f 1105 	1107 	527
f 1107 	1110 	527
f 2144 	1095 	1096
f 2145 	609 	1099
f 1099 	2146 	2145
f 1101 	1086 	1082
f 1104 	1105 	527
f 1101 	1103 	1086
f 1094 	1086 	1103
f 1106 	1103 	1101
f 1102 	1106 	1101
f 1108 	1096 	1094
f 528 	527 	1110
f 1103 	1108 	1094
f 1106 	1109 	1103
f 630 	624 	529
f 1108 	1103 	1109
f 1111 	615 	528
f 1110 	1111 	528
f 624 	628 	531
f 530 	529 	624
f 577 	537 	1194
f 533 	531 	636
f 628 	636 	531
f 531 	530 	624
f 534 	533 	647
f 1108 	2291 	1096
f 629 	624 	630
f 636 	647 	533
f 1109 	2292 	1108
f 647 	648 	534
f 1112 	1109 	1106
f 648 	657 	534
f 535 	534 	657
f 657 	1196 	535
f 946 	1113 	945
f 1113 	950 	945
f 1438 	1113 	946
f 1195 	536 	612
f 664 	1196 	658
f 668 	1197 	669
f 670 	1197 	668
f 673 	1197 	670
f 669 	1196 	664
f 658 	1196 	657
f 1080 	1197 	673
f 1097 	1197 	1080
f 699 	1114 	700
f 1114 	699 	697
f 700 	1114 	702
f 703 	702 	306
f 706 	306 	707
f 306 	305 	707
f 625 	708 	305
f 305 	304 	625
f 1166 	1165 	716
f 1115 	1166 	716
f 715 	1115 	716
f 714 	1115 	715
f 713 	1153 	714
f 718 	1162 	719
f 719 	1162 	720
f 711 	222 	712
f 304 	303 	625
f 712 	222 	558
f 566 	1155 	721
f 1168 	1155 	566
f 550 	549 	1752
f 840 	839 	802
f 802 	801 	840
f 1114 	840 	801
f 798 	797 	1114
f 1749 	1748 	813
f 772 	784 	818
f 818 	1114 	789
f 788 	818 	789
f 790 	789 	1114
f 772 	818 	773
f 773 	818 	776
f 776 	818 	777
f 779 	777 	818
f 1718 	1716 	794
f 783 	818 	784
f 779 	818 	786
f 788 	787 	818
f 786 	818 	787
f 790 	1114 	791
f 791 	1114 	792
f 1744 	1743 	794
f 794 	817 	1744
f 796 	792 	1114
f 796 	1114 	797
f 798 	1114 	799
f 801 	800 	1114
f 799 	1114 	800
f 809 	854 	810
f 810 	854 	811
f 807 	837 	809
f 804 	839 	805
f 811 	1749 	812
f 813 	812 	1749
f 814 	813 	1748
f 838 	805 	839
f 805 	838 	807
f 837 	807 	838
f 804 	802 	839
f 840 	1114 	844
f 846 	869 	1752
f 847 	846 	1752
f 1123 	467 	1017
f 1019 	1116 	1017
f 1017 	1116 	1123
f 1126 	1127 	1117
f 1127 	1118 	1117
f 1119 	476 	1118
f 1119 	1011 	476
f 1119 	1120 	1011
f 1016 	1011 	1120
f 1366 	1016 	1120
f 1121 	399 	395
f 465 	1121 	395
f 1122 	465 	467
f 1122 	1121 	465
f 467 	1123 	1122
f 1121 	1124 	399
f 958 	399 	1124
f 1125 	1124 	1121
f 1122 	1125 	1121
f 1122 	1123 	2110
f 2111 	2110 	1123
f 1116 	2111 	1123
f 1371 	1116 	1019
f 1371 	1019 	1366
f 1390 	1116 	1371
f 2111 	1390 	1392
f 1133 	1134 	1126
f 1134 	1127 	1126
f 1118 	1128 	1119
f 1127 	1128 	1118
f 1119 	1129 	1120
f 1119 	1128 	1129
f 1130 	1120 	1129
f 403 	1417 	1131
f 1417 	1132 	1131
f 1135 	1065 	1057
f 1136 	1128 	1127
f 1134 	1136 	1127
f 1058 	1135 	1057
f 1137 	1129 	1128
f 1137 	1138 	1129
f 1136 	1137 	1128
f 1138 	1130 	1129
f 978 	979 	1140
f 979 	980 	1140
f 980 	981 	1140
f 981 	982 	1140
f 982 	989 	1140
f 1256 	1259 	1140
f 1459 	1212 	1140
f 1212 	1216 	1140
f 1216 	1224 	1140
f 1224 	1230 	1140
f 1230 	1236 	1140
f 1236 	2589 	1140
f 2589 	2590 	1140
f 2591 	2593 	1140
f 1140 	989 	990
f 990 	994 	1140
f 1140 	994 	1164
f 994 	1057 	1164
f 1164 	1167 	1140
f 1164 	1065 	1167
f 1140 	1167 	1172
f 1462 	1172 	1167
f 1172 	1182 	1140
f 1256 	1140 	1182
f 1182 	1467 	1256
f 2376 	1216 	1212
f 1256 	1470 	1259
f 1140 	1259 	1263
f 2382 	1263 	1259
f 1470 	2382 	1259
f 1140 	1263 	1271
f 1138 	1139 	1130
f 1019 	1016 	1366
f 1130 	1366 	1120
f 1366 	1130 	1384
f 1384 	1371 	1366
f 1130 	1139 	1384
f 2111 	1116 	1390
f 1391 	1390 	1371
f 1384 	1391 	1371
f 1139 	1505 	1384
f 1384 	1505 	1391
f 1391 	1399 	1390
f 1390 	1399 	1392
f 1392 	1399 	2097
f 2097 	2096 	1392
f 422 	1417 	420
f 1082 	950 	1113
f 1082 	1081 	950
f 1453 	1082 	1113
f 1429 	946 	948
f 946 	1429 	1438
f 1431 	1440 	1429
f 1440 	1438 	1429
f 1438 	1453 	1113
f 1456 	1453 	1438
f 1440 	1456 	1438
f 1082 	1453 	1101
f 1102 	1453 	1456
f 1453 	1102 	1101
f 1140 	1271 	1457
f 1140 	1457 	1459
f 1429 	948 	1458
f 1431 	1429 	1458
f 1459 	1457 	2374
f 1458 	1460 	1431
f 1431 	1460 	1479
f 1065 	1164 	1057
f 1462 	1167 	1065
f 1464 	1462 	1065
f 1135 	1464 	1065
f 1478 	1460 	1463
f 1465 	1182 	1172
f 1478 	1463 	2134
f 1465 	1467 	1182
f 1462 	1465 	1172
f 1075 	1458 	948
f 1075 	1461 	1458
f 1465 	1462 	1624
f 1460 	1461 	1463
f 1460 	1458 	1461
f 1624 	1462 	1464
f 1466 	1440 	1431
f 1469 	1467 	1465
f 1467 	1470 	1256
f 1440 	1466 	1471
f 2381 	1470 	1467
f 1471 	1456 	1440
f 1472 	1471 	1466
f 1474 	1471 	1472
f 1468 	1472 	1466
f 1473 	1102 	1456
f 1476 	1102 	1473
f 1471 	1473 	1456
f 1471 	1474 	1473
f 2436 	1474 	1472
f 1472 	2453 	2436
f 1476 	1106 	1102
f 1477 	1476 	1473
f 1474 	1477 	1473
f 1474 	2437 	1477
f 1112 	1106 	1476
f 1460 	1478 	1479
f 1479 	1478 	2135
f 1468 	1479 	2135
f 1466 	1431 	1479
f 1417 	427 	420
f 1417 	1133 	1132
f 1417 	1134 	1133
f 1417 	1136 	1134
f 1417 	1137 	1136
f 1417 	1512 	1509
f 1417 	1521 	1512
f 1417 	2080 	2074
f 1417 	1532 	2092
f 1417 	1535 	1532
f 1417 	1537 	1535
f 1417 	1551 	1537
f 1417 	1880 	1551
f 1417 	434 	1880
f 1417 	436 	434
f 1417 	441 	436
f 1417 	448 	441
f 422 	448 	1417
f 1417 	1138 	1137
f 1138 	1417 	1139
f 1139 	1417 	1505
f 1505 	1509 	1391
f 1505 	1417 	1509
f 1899 	1521 	1417
f 1572 	1574 	1571
f 1574 	1572 	1056
f 949 	943 	2796
f 852 	811 	854
f 851 	1750 	852
f 854 	809 	837
f 863 	862 	1145
f 865 	863 	1145
f 1146 	1145 	862
f 861 	1147 	862
f 859 	1148 	861
f 857 	1149 	859
f 1145 	1144 	865
f 867 	865 	1143
f 868 	867 	1143
f 1754 	1752 	549
f 869 	550 	1752
f 885 	1114 	890
f 884 	1114 	885
f 844 	1114 	884
f 887 	1156 	888
f 888 	1150 	889
f 856 	1149 	857
f 890 	1114 	891
f 697 	891 	1114
f 892 	1158 	893
f 895 	1158 	892
f 897 	1160 	894
f 720 	1161 	896
f 1158 	895 	1159
f 896 	1161 	897
f 894 	1159 	895
f 1141 	871 	1142
f 1142 	868 	1143
f 1146 	862 	1147
f 1144 	1143 	865
f 1147 	861 	1148
f 1149 	856 	1150
f 1148 	859 	1149
f 889 	1150 	856
f 886 	1157 	887
f 1150 	888 	1151
f 1115 	714 	1152
f 1152 	714 	1153
f 1153 	713 	1154
f 1151 	888 	1156
f 886 	893 	1157
f 1156 	887 	1157
f 1157 	893 	1158
f 1159 	894 	1160
f 1160 	897 	1161
f 1161 	720 	1162
f 1162 	718 	1163
f 718 	717 	1163
f 1165 	1163 	717
f 717 	716 	1165
f 713 	721 	1154
f 1155 	1154 	721
f 566 	567 	1168
f 1169 	569 	1170
f 1170 	570 	1171
f 1171 	570 	573
f 573 	572 	1173
f 551 	552 	1174
f 1175 	1174 	552
f 572 	551 	1173
f 871 	1141 	555
f 1176 	555 	1141
f 1174 	1173 	551
f 1175 	553 	1176
f 868 	1142 	871
f 1200 	1093 	1201
f 612 	535 	1196
f 1077 	1204 	1078
f 1196 	669 	1197
f 1197 	1097 	1198
f 1198 	1097 	1199
f 1199 	1097 	1200
f 1201 	1084 	1202
f 1202 	1087 	1203
f 1203 	1078 	1204
f 1204 	1077 	1205
f 1077 	623 	1205
f 1058 	1475 	1620
f 1213 	1211 	1581
f 1214 	1213 	1581
f 1582 	1581 	1211
f 1210 	1583 	1211
f 1209 	1584 	1210
f 1208 	1585 	1209
f 1581 	1580 	1214
f 1215 	1214 	1579
f 1217 	1215 	1579
f 1620 	1135 	1058
f 1621 	1620 	1475
f 1194 	537 	1195
f 1231 	1206 	1074
f 1619 	1621 	1475
f 623 	1076 	1205
f 1076 	1074 	1205
f 1237 	1586 	1207
f 1207 	1585 	1208
f 1622 	1135 	1620
f 1238 	400 	1239
f 273 	1239 	400
f 1206 	1205 	1074
f 1464 	1135 	1622
f 1240 	1244 	1590
f 1591 	1590 	1244
f 1246 	1592 	1243
f 1621 	1623 	1620
f 1620 	1623 	1622
f 1243 	1591 	1244
f 1241 	1240 	1590
f 1245 	1593 	1246
f 274 	1593 	1245
f 1591 	1243 	1592
f 1590 	1589 	1241
f 1589 	1588 	1242
f 1577 	1218 	1578
f 1578 	1217 	1579
f 1625 	1464 	1622
f 1582 	1211 	1583
f 1580 	1579 	1214
f 1626 	1625 	1622
f 1626 	1622 	1623
f 1583 	1210 	1584
f 1584 	1209 	1585
f 1234 	1588 	1235
f 1585 	1207 	1586
f 1586 	1237 	1587
f 1588 	1587 	1235
f 1237 	1235 	1587
f 1234 	1242 	1588
f 1242 	1241 	1589
f 1592 	1246 	1593
f 274 	275 	1594
f 275 	276 	1594
f 284 	280 	1597
f 296 	1599 	283
f 1624 	1464 	1625
f 1597 	281 	1598
f 1598 	283 	1599
f 297 	1600 	296
f 1595 	1594 	276
f 1596 	1595 	276
f 276 	277 	1596
f 1599 	296 	1600
f 298 	1603 	297
f 1600 	297 	1603
f 1603 	298 	1627
f 604 	605 	1627
f 1624 	1469 	1465
f 298 	604 	1627
f 1630 	1469 	1624
f 1629 	1628 	606
f 607 	608 	610
f 1218 	1577 	588
f 1630 	1624 	1625
f 1634 	588 	1577
f 1632 	1631 	584
f 1633 	586 	1634
f 1217 	1578 	1218
f 1626 	1635 	1625
f 1635 	1630 	1625
f 1673 	1635 	1626
f 2397 	1469 	1630
f 402 	1652 	1619
f 1652 	1621 	1619
f 1687 	1652 	402
f 1652 	1653 	1621
f 1653 	1623 	1621
f 1653 	1654 	1623
f 1654 	1626 	1623
f 1626 	1654 	1673
f 958 	1688 	953
f 953 	1688 	1687
f 2102 	1688 	958
f 958 	1124 	2102
f 1687 	1711 	1652
f 1711 	1653 	1652
f 1717 	1711 	1687
f 1688 	1717 	1687
f 1728 	1654 	1653
f 1711 	1728 	1653
f 1717 	1741 	1711
f 1741 	1728 	1711
f 2106 	1741 	1717
f 1728 	1753 	1654
f 1753 	1673 	1654
f 1758 	1753 	1728
f 1741 	1758 	1728
f 1758 	2549 	1753
f 1782 	1781 	1780
f 1789 	1784 	1781
f 1782 	1789 	1781
f 1783 	1784 	2582
f 1803 	1805 	1802
f 1805 	1804 	1802
f 1804 	1838 	1236
f 1839 	1838 	1804
f 1839 	1841 	1838
f 1839 	1804 	1805
f 1839 	1805 	1780
f 1840 	1838 	1841
f 1839 	1781 	1841
f 1780 	1781 	1839
f 1840 	2592 	2590
f 1841 	1783 	1840
f 1781 	1784 	1841
f 1784 	1783 	1841
f 860 	1575 	870
f 949 	2798 	947
f 1847 	1844 	1842
f 1845 	1846 	1572
f 1571 	1845 	1572
f 1846 	2140 	1572
f 1843 	1847 	1842
f 1852 	1853 	1851
f 1850 	1851 	1853
f 922 	1849 	1848
f 409 	405 	1854
f 925 	1849 	922
f 1858 	1805 	1803
f 848 	850 	1859
f 1854 	1859 	1860
f 922 	1848 	1857
f 1859 	1854 	848
f 1844 	1858 	1803
f 1055 	1856 	1862
f 1857 	1861 	924
f 1863 	1844 	1847
f 1571 	1574 	1865
f 1574 	1862 	1865
f 1855 	2129 	1856
f 1856 	1865 	1862
f 924 	922 	1857
f 1056 	1055 	1574
f 1862 	1574 	1055
f 1863 	1858 	1844
f 1863 	1847 	1927
f 1860 	1864 	1576
f 1863 	1868 	1858
f 1854 	1860 	1575
f 1576 	1575 	1860
f 925 	937 	1849
f 1858 	1780 	1805
f 1870 	1871 	1869
f 1867 	1869 	1871
f 1868 	1780 	1858
f 1874 	1856 	1873
f 1865 	1856 	1874
f 1863 	1935 	1868
f 1868 	1782 	1780
f 1877 	1878 	1876
f 1875 	1876 	1878
f 1945 	1782 	1868
f 1945 	1868 	1935
f 1873 	1846 	1874
f 1845 	1874 	1846
f 1883 	1884 	1882
f 1881 	1882 	1884
f 1881 	1887 	1886
f 1884 	1887 	1881
f 1885 	1886 	1887
f 1880 	434 	2501
f 1887 	1891 	1885
f 1890 	1885 	1891
f 1889 	1890 	1891
f 1889 	1895 	1894
f 1891 	1895 	1889
f 1893 	1894 	1895
f 1895 	1900 	1893
f 1898 	1893 	1900
f 1897 	1898 	1900
f 1888 	1901 	1879
f 1897 	1904 	1903
f 1900 	1904 	1897
f 1902 	1903 	1904
f 1901 	1896 	1879
f 1904 	1907 	1902
f 1906 	1902 	1907
f 1905 	1906 	1907
f 1905 	1911 	1910
f 1907 	1911 	1905
f 1909 	1910 	1911
f 1892 	1896 	2608
f 1877 	1909 	1911
f 1877 	1911 	1878
f 2610 	2608 	1896
f 1913 	1914 	1912
f 1914 	1875 	1912
f 1878 	1912 	1875
f 1872 	1857 	1866
f 2610 	1896 	1901
f 1857 	1848 	1866
f 1861 	1857 	1872
f 1908 	1861 	1872
f 1912 	1916 	1913
f 1915 	1913 	1916
f 1919 	1920 	1918
f 1920 	1921 	1918
f 1917 	1918 	1921
f 1923 	1847 	1843
f 1918 	1884 	1883
f 1918 	1883 	1919
f 1922 	1925 	1926
f 1930 	1931 	1929
f 1928 	1929 	1931
f 1926 	1924 	1922
f 1923 	1927 	1847
f 1925 	1848 	1849
f 2308 	1927 	1923
f 1929 	1853 	1852
f 1929 	1852 	1930
f 1849 	1926 	1925
f 1933 	1934 	1932
f 1934 	1850 	1932
f 1853 	1932 	1850
f 2455 	2465 	1924
f 1926 	935 	1924
f 1863 	1927 	1935
f 1937 	1938 	1936
f 1938 	1933 	1936
f 1932 	1936 	1933
f 1849 	937 	1926
f 1940 	1941 	1939
f 1941 	1937 	1939
f 1936 	1939 	1937
f 937 	935 	1926
f 2456 	2455 	938
f 1943 	1944 	1942
f 1944 	1940 	1942
f 1939 	1942 	1940
f 938 	942 	2456
f 2455 	935 	938
f 1947 	1948 	1946
f 1948 	1943 	1946
f 1942 	1946 	1943
f 1949 	1917 	1950
f 1950 	1947 	1949
f 1946 	1949 	1947
f 1935 	1879 	1945
f 1892 	1782 	1945
f 1921 	1950 	1917
f 1892 	1789 	1782
f 1915 	1916 	1953
f 1916 	1954 	1953
f 1952 	1953 	1954
f 1896 	1945 	1879
f 1896 	1892 	1945
f 1952 	1957 	1956
f 1954 	1957 	1952
f 1955 	1956 	1957
f 1957 	1965 	1955
f 1963 	1955 	1965
f 1962 	1963 	1965
f 1636 	1959 	2010
f 2010 	2025 	1636
f 2024 	2023 	1636
f 2044 	2045 	2020
f 2019 	1975 	1976
f 1636 	2056 	2055
f 1960 	2053 	1636
f 1636 	2053 	2052
f 2052 	2051 	1636
f 2049 	2048 	2086
f 2083 	2082 	1636
f 1636 	1961 	2078
f 2079 	169 	2078
f 2095 	169 	2079
f 1636 	2078 	169
f 1368 	1367 	2072
f 2090 	2089 	169
f 72 	70 	174
f 1962 	1969 	1968
f 1965 	1969 	1962
f 1967 	1968 	1969
f 2063 	2062 	2041
f 2062 	2060 	2042
f 2047 	1970 	1971
f 2048 	2047 	2087
f 2050 	2049 	2085
f 2051 	2050 	2084
f 1636 	2051 	2084
f 1636 	2084 	2083
f 1969 	1974 	1967
f 1973 	1967 	1974
f 1972 	1973 	1974
f 1964 	1951 	1866
f 1293 	1292 	2031
f 1975 	2009 	2028
f 1976 	2046 	2019
f 2046 	2044 	2020
f 2021 	2020 	2045
f 2045 	2058 	2021
f 1972 	1979 	1978
f 1974 	1979 	1972
f 1977 	1978 	1979
f 826 	1983 	1980
f 826 	1980 	2018
f 826 	2018 	2017
f 826 	2017 	2016
f 2015 	1636 	2016
f 763 	1981 	762
f 1870 	1977 	1979
f 1870 	1979 	1871
f 1983 	826 	1982
f 1982 	826 	1984
f 1984 	826 	1985
f 1277 	1991 	826
f 1987 	1989 	1986
f 1989 	1867 	1986
f 1871 	1986 	1867
f 1985 	826 	1988
f 1988 	826 	1990
f 1990 	826 	1991
f 1991 	1277 	1992
f 1992 	768 	1981
f 1986 	1995 	1987
f 1994 	1987 	1995
f 1993 	1994 	1995
f 1925 	1922 	1958
f 1981 	763 	1996
f 763 	1296 	1996
f 1964 	1925 	1958
f 1997 	1996 	1296
f 1998 	1997 	1295
f 1993 	2002 	2001
f 1995 	2002 	1993
f 1999 	2001 	2002
f 1848 	1925 	1964
f 1866 	1848 	1964
f 2003 	2029 	2004
f 2029 	2027 	2005
f 924 	1861 	2675
f 2002 	2008 	1999
f 2007 	1999 	2008
f 2006 	2007 	2008
f 2005 	2004 	2029
f 826 	2016 	1636
f 1959 	1636 	2011
f 2012 	927 	924
f 2011 	1636 	2013
f 2013 	1636 	2014
f 2014 	1636 	2015
f 2801 	931 	927
f 2009 	2005 	2027
f 2027 	2028 	2009
f 2012 	2801 	927
f 2022 	1636 	2023
f 2024 	1636 	2025
f 2034 	1316 	2026
f 2031 	2030 	1293
f 2032 	1290 	2033
f 1330 	2038 	1331
f 2020 	2019 	2046
f 2028 	1976 	1975
f 2000 	1293 	2003
f 2029 	2003 	2030
f 2003 	1293 	2030
f 1290 	1288 	2033
f 2026 	1314 	2035
f 2035 	1332 	2036
f 2036 	1331 	2038
f 1329 	1328 	2064
f 2038 	1330 	2039
f 1330 	1329 	2039
f 1328 	1327 	2064
f 2064 	2063 	1329
f 2040 	1329 	2063
f 2041 	2040 	2063
f 2022 	2021 	2058
f 1636 	2022 	2058
f 2056 	1636 	2057
f 2042 	2041 	2062
f 2061 	1971 	1970
f 2087 	2086 	2048
f 2086 	2085 	2049
f 2054 	1636 	2055
f 1960 	1636 	2054
f 2057 	1636 	2058
f 1370 	1369 	2070
f 1971 	2087 	2047
f 1970 	2043 	2061
f 2060 	2061 	2043
f 2043 	2042 	2060
f 2039 	1329 	2040
f 1351 	1350 	2066
f 2065 	1326 	2066
f 2066 	1350 	2067
f 2067 	1364 	2059
f 2059 	1363 	2069
f 1363 	1370 	2069
f 2070 	2069 	1370
f 2075 	2073 	174
f 1417 	2068 	1899
f 2072 	1367 	2073
f 2075 	174 	2076
f 2076 	174 	2077
f 1966 	2077 	174
f 1417 	2074 	2068
f 2081 	1636 	2082
f 1961 	1636 	2081
f 2085 	2084 	2050
f 2088 	2080 	1417
f 2089 	1966 	169
f 2090 	169 	2091
f 2095 	2094 	169
f 2091 	169 	2093
f 2093 	169 	2094
f 1417 	2092 	2088
f 174 	169 	1966
f 1321 	1354 	1322
f 1353 	1352 	1323
f 1324 	1323 	1352
f 1352 	1351 	1324
f 1282 	1320 	1283
f 1285 	1283 	1318
f 1318 	1317 	1285
f 1288 	1286 	2034
f 818 	1672 	826
f 1399 	1391 	1509
f 753 	826 	755
f 1509 	1512 	1399
f 755 	826 	761
f 768 	1992 	1277
f 762 	1981 	768
f 1277 	826 	1278
f 1278 	826 	753
f 1319 	1318 	1283
f 1317 	2034 	1286
f 1512 	2097 	1399
f 1290 	2032 	1291
f 2032 	2031 	1291
f 1316 	2034 	1317
f 1320 	1319 	1283
f 1292 	1291 	2031
f 2097 	2098 	2096
f 1294 	1293 	2000
f 2000 	1998 	1294
f 1296 	1295 	1997
f 1512 	1521 	2097
f 1295 	1294 	1998
f 1314 	2026 	1315
f 2034 	2033 	1288
f 1521 	2098 	2097
f 1315 	2026 	1316
f 1286 	1285 	1317
f 1521 	1899 	2098
f 2100 	2101 	2099
f 2100 	2098 	1899
f 2101 	2100 	2068
f 2068 	2074 	2101
f 2100 	1899 	2068
f 2654 	2101 	2074
f 2074 	2080 	2654
f 1124 	2103 	2102
f 2104 	1688 	2102
f 2105 	2104 	2102
f 1125 	2103 	1124
f 2103 	2105 	2102
f 2104 	1717 	1688
f 2251 	2107 	2105
f 2106 	1717 	2104
f 2107 	2104 	2105
f 2106 	2104 	2107
f 1741 	2106 	2108
f 2108 	1758 	1741
f 2109 	2108 	2106
f 2107 	2109 	2106
f 2660 	2108 	2109
f 1122 	2110 	1125
f 2112 	2103 	1125
f 2110 	2112 	1125
f 2111 	2113 	2110
f 2113 	2112 	2110
f 2113 	2111 	1392
f 2114 	2105 	2103
f 2112 	2114 	2103
f 2112 	2115 	2114
f 2115 	2112 	2113
f 2096 	2115 	2113
f 2006 	2119 	2118
f 2008 	2119 	2006
f 2117 	2118 	2119
f 2119 	2122 	2117
f 2121 	2117 	2122
f 2120 	2121 	2122
f 2122 	1928 	2120
f 1931 	2120 	1928
f 2129 	1855 	2126
f 2131 	1873 	2129
f 2037 	2125 	2270
f 1006 	466 	2126
f 2123 	2127 	2037
f 909 	2126 	468
f 1006 	2126 	1855
f 2127 	2125 	2037
f 2128 	2127 	2123
f 2124 	2128 	2123
f 909 	2129 	2126
f 433 	985 	599
f 1873 	1856 	2129
f 2132 	2130 	2125
f 2132 	2125 	2127
f 1479 	1468 	1466
f 987 	986 	346
f 375 	987 	346
f 2129 	988 	2140
f 2133 	2131 	2140
f 2129 	2140 	2131
f 2136 	2134 	2142
f 1010 	1573 	2137
f 1478 	2136 	2135
f 2138 	2135 	2136
f 991 	366 	2137
f 2136 	2139 	2138
f 2140 	991 	2137
f 1573 	1572 	2140
f 2133 	2140 	1846
f 2140 	2137 	1573
f 2452 	1468 	2135
f 2135 	2138 	2452
f 1468 	2453 	1472
f 1478 	2134 	2136
f 803 	393 	394
f 2852 	2142 	2134
f 2141 	2143 	2142
f 393 	803 	872
f 873 	872 	808
f 808 	872 	803
f 2139 	2142 	2143
f 2139 	2136 	2142
f 872 	166 	393
f 1096 	2291 	2144
f 806 	396 	462
f 361 	462 	396
f 166 	872 	169
f 873 	169 	872
f 169 	873 	1636
f 1099 	2144 	2146
f 2402 	2146 	2144
f 2221 	2220 	415
f 1351 	2066 	1324
f 2148 	2147 	2145
f 1326 	1325 	2066
f 1326 	2065 	1327
f 1325 	1324 	2066
f 1323 	1322 	1353
f 1354 	1353 	1322
f 2065 	2064 	1327
f 2146 	2148 	2145
f 1331 	2036 	1332
f 1332 	2035 	1314
f 2127 	2152 	2132
f 435 	2150 	449
f 1356 	174 	1357
f 1357 	174 	1358
f 435 	2195 	2150
f 1358 	174 	1359
f 1359 	174 	1360
f 174 	2073 	1360
f 1363 	2059 	1362
f 1362 	2059 	1364
f 1364 	2067 	1350
f 2151 	2187 	2149
f 1360 	2073 	1361
f 1361 	2073 	1365
f 1365 	2073 	1367
f 415 	334 	378
f 2072 	2071 	1368
f 1369 	1368 	2071
f 2071 	2070 	1369
f 347 	358 	2149
f 1749 	811 	1750
f 1355 	546 	1356
f 2152 	2127 	2128
f 1739 	1738 	1721
f 401 	400 	1114
f 823 	401 	1114
f 818 	823 	1114
f 1705 	1704 	1686
f 761 	826 	1670
f 2153 	2272 	2130
f 1671 	826 	1672
f 1672 	818 	1674
f 1674 	818 	1675
f 2154 	2153 	2130
f 1675 	818 	1676
f 1680 	818 	1681
f 1681 	1708 	1682
f 1682 	1708 	1683
f 1705 	1685 	1706
f 1683 	1706 	1684
f 1684 	1706 	1685
f 1685 	1705 	1686
f 1282 	1686 	1320
f 1704 	1320 	1686
f 1713 	1712 	783
f 1713 	783 	1714
f 780 	793 	1715
f 1716 	1715 	793
f 1718 	1740 	1719
f 1719 	1740 	1720
f 1740 	1739 	1720
f 1354 	1321 	1738
f 1321 	1721 	1738
f 1721 	1720 	1739
f 1740 	1718 	1742
f 793 	794 	1716
f 780 	1715 	781
f 1742 	1718 	1743
f 811 	852 	1750
f 1751 	1750 	851
f 851 	847 	1751
f 549 	548 	1754
f 1752 	1751 	847
f 1755 	1754 	548
f 1756 	1755 	548
f 546 	545 	1356
f 2187 	2190 	2188
f 2151 	2150 	2187
f 815 	814 	1747
f 816 	815 	1746
f 1747 	1746 	815
f 781 	1714 	783
f 1712 	1710 	783
f 1714 	781 	1715
f 1709 	818 	1710
f 818 	783 	1710
f 1707 	1683 	1708
f 1709 	1708 	818
f 1706 	1683 	1707
f 1679 	818 	1680
f 818 	1708 	1681
f 1677 	818 	1678
f 1679 	1678 	818
f 1676 	818 	1677
f 1670 	826 	1671
f 2187 	2189 	2190
f 817 	816 	1745
f 1743 	1718 	794
f 1748 	1747 	814
f 1746 	1745 	816
f 1745 	1744 	817
f 163 	393 	166
f 826 	1636 	808
f 873 	808 	1636
f 823 	2191 	2192
f 2150 	2151 	2194
f 2193 	2194 	2151
f 2196 	435 	778
f 2149 	2193 	2151
f 778 	782 	2196
f 2197 	2196 	782
f 449 	2194 	823
f 2150 	2194 	449
f 2191 	823 	2194
f 2149 	358 	2193
f 358 	401 	2193
f 823 	2192 	401
f 2192 	2193 	401
f 2195 	2187 	2150
f 327 	2199 	329
f 435 	2196 	2195
f 2198 	407 	406
f 2196 	2197 	2195
f 432 	421 	2238
f 782 	774 	2197
f 378 	2189 	774
f 406 	409 	2198
f 2199 	2200 	329
f 2198 	409 	2200
f 329 	2200 	409
f 2220 	2221 	2200
f 2198 	2221 	407
f 2200 	2221 	2198
f 2200 	2199 	2222
f 2199 	326 	2222
f 2130 	2132 	2154
f 2132 	2219 	2154
f 408 	407 	2221
f 2220 	2200 	2222
f 330 	334 	2222
f 2221 	410 	408
f 330 	2222 	328
f 2222 	334 	2220
f 421 	428 	342
f 2132 	2152 	2219
f 2238 	421 	2237
f 327 	326 	2199
f 328 	2222 	326
f 345 	2237 	335
f 415 	2220 	334
f 335 	421 	342
f 428 	2239 	342
f 2240 	342 	2239
f 2238 	2239 	432
f 428 	432 	2239
f 2237 	345 	2240
f 2240 	345 	342
f 2241 	2238 	2245
f 2237 	2245 	2238
f 2241 	2242 	2191
f 2244 	2191 	2242
f 2192 	2244 	2247
f 2246 	2245 	2247
f 2192 	2247 	2245
f 2241 	2245 	2242
f 2246 	2242 	2245
f 2192 	2191 	2244
f 2193 	2240 	2239
f 2194 	2193 	2239
f 2241 	2191 	2239
f 2238 	2241 	2239
f 2191 	2194 	2239
f 2240 	2245 	2237
f 2240 	2193 	2192
f 2245 	2240 	2192
f 2284 	2273 	2153
f 2249 	2284 	2153
f 2154 	2249 	2153
f 2154 	2219 	2250
f 2250 	2249 	2154
f 2219 	2638 	2250
f 2250 	2637 	2249
f 1392 	2096 	2113
f 2251 	2105 	2114
f 2114 	2115 	2252
f 2251 	2114 	2252
f 2255 	2252 	2115
f 2251 	2253 	2107
f 2253 	2109 	2107
f 2254 	2253 	2251
f 2252 	2254 	2251
f 2252 	2099 	2254
f 2665 	2109 	2253
f 2254 	2099 	2652
f 2255 	2099 	2252
f 2115 	2096 	2255
f 2098 	2255 	2096
f 2100 	2099 	2255
f 2098 	2100 	2255
f 2257 	1901 	1888
f 2256 	2257 	1888
f 2258 	2257 	2256
f 2259 	2260 	2124
f 2260 	2128 	2124
f 2259 	2263 	2260
f 2261 	2152 	2128
f 2260 	2261 	2128
f 2262 	2219 	2152
f 2261 	2262 	2152
f 2262 	2638 	2219
f 2259 	601 	2263
f 601 	2264 	2263
f 609 	2145 	2264
f 2145 	2147 	2264
f 2260 	2263 	2265
f 2265 	2261 	2260
f 2266 	2265 	2263
f 2266 	2268 	2265
f 2264 	2266 	2263
f 2264 	2147 	2266
f 2267 	2262 	2261
f 2265 	2267 	2261
f 2265 	2268 	2267
f 2289 	2268 	2266
f 2267 	2639 	2262
f 2640 	2639 	2267
f 2268 	2640 	2267
f 947 	2798 	2269
f 2269 	2270 	2276
f 2130 	2272 	2271
f 2153 	2273 	2272
f 2274 	2456 	942
f 2274 	947 	2275
f 2275 	947 	2269
f 2269 	2276 	2275
f 2276 	2270 	2277
f 2270 	2271 	2277
f 2278 	2465 	2277
f 2277 	2271 	2278
f 2271 	2272 	2278
f 2279 	2465 	2278
f 2272 	2279 	2278
f 2273 	2279 	2272
f 2279 	2273 	2280
f 2280 	2283 	2281
f 2283 	2280 	2273
f 2037 	2270 	2269
f 2270 	2125 	2271
f 2125 	2130 	2271
f 2284 	2283 	2273
f 2281 	2283 	2285
f 2281 	2285 	2282
f 2286 	2285 	2283
f 2284 	2286 	2283
f 2287 	2282 	2285
f 2286 	2288 	2285
f 2289 	2266 	2147
f 2148 	2290 	2147
f 2289 	2147 	2290
f 2406 	2290 	2148
f 2611 	2268 	2289
f 1108 	2292 	2291
f 2403 	2402 	2291
f 2410 	2292 	1109
f 2327 	1927 	2308
f 2327 	1935 	1927
f 2320 	2328 	2308
f 2308 	2328 	2327
f 774 	415 	378
f 2195 	2197 	2187
f 2189 	2187 	2197
f 2197 	774 	2189
f 2330 	2340 	2329
f 2340 	2339 	2329
f 2343 	2342 	2339
f 2340 	2343 	2339
f 2340 	2351 	2343
f 2341 	2342 	2344
f 2613 	2341 	2344
f 2343 	2345 	2342
f 2345 	2344 	2342
f 2346 	2353 	2348
f 2350 	2340 	2330
f 2349 	2350 	2330
f 2349 	2355 	2350
f 2350 	2351 	2340
f 2351 	2352 	2343
f 2352 	2345 	2343
f 2353 	2349 	2348
f 2347 	2354 	2346
f 2346 	2354 	2353
f 2562 	2354 	2347
f 2354 	2356 	2353
f 2349 	2353 	2355
f 2356 	2355 	2353
f 2355 	2357 	2350
f 2357 	2351 	2350
f 2356 	2358 	2355
f 2358 	2357 	2355
f 2357 	2359 	2351
f 2359 	2352 	2351
f 2360 	2359 	2357
f 2360 	2357 	2358
f 2363 	2361 	2582
f 2367 	2366 	2364
f 1879 	1935 	2327
f 1888 	1879 	2327
f 2327 	2328 	1888
f 2372 	2369 	2370
f 1843 	2368 	1923
f 2371 	1923 	2368
f 2369 	2371 	2368
f 2372 	2371 	2369
f 2372 	2370 	2485
f 2371 	2372 	2320
f 2371 	2308 	1923
f 2320 	2308 	2371
f 2373 	1457 	1271
f 1271 	2384 	2373
f 2373 	2374 	1457
f 2378 	2374 	2373
f 2375 	1212 	1459
f 2376 	1212 	2375
f 2375 	1459 	2374
f 1216 	2376 	2377
f 2377 	1224 	1216
f 2376 	2380 	2377
f 2377 	1802 	1224
f 1230 	1224 	1802
f 1803 	1802 	2377
f 1802 	1804 	1230
f 2379 	2375 	2374
f 2378 	2379 	2374
f 2380 	1803 	2377
f 2380 	1844 	1803
f 1467 	1469 	2381
f 2397 	2381 	1469
f 1470 	2381 	2383
f 2383 	2382 	1470
f 1263 	2382 	2384
f 1263 	2384 	1271
f 2385 	2384 	2382
f 2383 	2385 	2382
f 2383 	2386 	2385
f 2385 	2387 	2384
f 2387 	2373 	2384
f 2393 	2387 	2385
f 2387 	2378 	2373
f 2395 	2387 	2393
f 2378 	2387 	2395
f 2388 	2379 	2378
f 2390 	2376 	2375
f 2379 	2390 	2375
f 2388 	2391 	2379
f 2379 	2391 	2390
f 2392 	2391 	2388
f 2389 	2392 	2388
f 2376 	2390 	2380
f 1842 	2380 	2390
f 1842 	2390 	2391
f 1843 	2391 	2392
f 1843 	1842 	2391
f 2368 	1843 	2392
f 2368 	2392 	2542
f 1842 	1844 	2380
f 2386 	2393 	2385
f 2394 	2393 	2386
f 2396 	2395 	2393
f 2394 	2396 	2393
f 2536 	2396 	2394
f 2378 	2395 	2388
f 2389 	2395 	2396
f 2395 	2389 	2388
f 2398 	2397 	1630
f 1635 	2398 	1630
f 2399 	2383 	2381
f 2397 	2399 	2381
f 2398 	2400 	2397
f 2400 	2399 	2397
f 2399 	2386 	2383
f 2401 	2386 	2399
f 2394 	2386 	2401
f 2401 	2399 	2400
f 2291 	2292 	2403
f 2144 	2291 	2402
f 2402 	2405 	2146
f 2404 	2405 	2402
f 2403 	2404 	2402
f 2403 	2412 	2404
f 2146 	2405 	2148
f 2405 	2406 	2148
f 2404 	2407 	2405
f 2407 	2406 	2405
f 2406 	2408 	2290
f 2409 	2408 	2406
f 2407 	2409 	2406
f 2409 	2618 	2408
f 2410 	1109 	1112
f 2410 	1112 	2415
f 2411 	2403 	2292
f 2410 	2411 	2292
f 2416 	2411 	2410
f 2411 	2412 	2403
f 2413 	2404 	2412
f 2413 	2407 	2404
f 2447 	2618 	2409
f 2414 	1476 	1477
f 2414 	1112 	1476
f 2414 	2415 	1112
f 2439 	2415 	2414
f 2415 	2416 	2410
f 2440 	2416 	2415
f 2417 	2412 	2411
f 2416 	2417 	2411
f 2417 	2416 	2441
f 2258 	2710 	2257
f 2419 	2320 	2372
f 2421 	2328 	2320
f 2419 	2421 	2320
f 2420 	2422 	2419
f 2422 	2421 	2419
f 2479 	2422 	2420
f 2421 	2256 	2328
f 2256 	1888 	2328
f 2423 	2256 	2421
f 2258 	2256 	2423
f 2423 	2421 	2422
f 2427 	2258 	2423
f 2425 	2423 	2422
f 2427 	2423 	2425
f 2426 	2428 	2425
f 2428 	2427 	2425
f 2490 	2428 	2426
f 2428 	2782 	2427
f 2432 	2429 	2430
f 2431 	2484 	2429
f 2431 	2418 	2484
f 2429 	2432 	2431
f 2432 	2430 	2492
f 2431 	2433 	2418
f 2418 	2433 	2420
f 2434 	2433 	2431
f 2412 	2417 	2435
f 2442 	2435 	2417
f 2442 	2443 	2435
f 2436 	2437 	1474
f 2414 	1477 	2438
f 2438 	2439 	2414
f 1477 	2437 	2438
f 2439 	2440 	2415
f 2440 	2441 	2416
f 2417 	2441 	2442
f 2443 	2444 	2446
f 2412 	2435 	2413
f 2413 	2445 	2407
f 2445 	2409 	2407
f 2446 	2445 	2413
f 2446 	2413 	2435
f 2435 	2443 	2446
f 2445 	2447 	2409
f 2446 	2448 	2445
f 2448 	2447 	2445
f 2446 	2444 	2448
f 2450 	2449 	2447
f 2450 	2451 	2449
f 2450 	2447 	2448
f 2469 	2450 	2448
f 2759 	2451 	2471
f 2451 	2470 	2472
f 2451 	2472 	2471
f 2452 	2453 	1468
f 2139 	2116 	2138
f 2116 	2452 	2138
f 2116 	2453 	2452
f 2116 	2436 	2453
f 2116 	2437 	2436
f 2116 	2438 	2437
f 2116 	2439 	2438
f 2285 	2288 	2287
f 2116 	2440 	2439
f 2116 	2441 	2440
f 2116 	2442 	2441
f 2116 	2443 	2442
f 2116 	2444 	2443
f 2116 	2469 	2444
f 2116 	2470 	2469
f 2116 	2472 	2470
f 2116 	2474 	2472
f 2287 	2717 	2454
f 2116 	2605 	2474
f 2116 	2607 	2605
f 2116 	2609 	2607
f 2116 	2463 	2609
f 2288 	2717 	2287
f 2116 	2464 	2463
f 2116 	2466 	2464
f 2116 	2467 	2466
f 2116 	2468 	2467
f 2116 	2457 	2468
f 2116 	2458 	2457
f 2116 	2460 	2459
f 2116 	2461 	2460
f 2116 	2462 	2461
f 1924 	935 	2455
f 2116 	2143 	2462
f 2139 	2143 	2116
f 2458 	21 	17
f 2458 	17 	2457
f 2274 	2465 	2456
f 2458 	2459 	21
f 2274 	2275 	2465
f 2116 	2459 	2458
f 2462 	2143 	2141
f 2465 	2280 	2281
f 2281 	2282 	2465
f 2282 	2494 	2465
f 1924 	2465 	1922
f 2466 	15 	32
f 2464 	2466 	32
f 2456 	2465 	2455
f 2466 	2467 	15
f 2467 	16 	15
f 2276 	2465 	2275
f 2277 	2465 	2276
f 2467 	2468 	16
f 2468 	24 	16
f 2280 	2465 	2279
f 2457 	24 	2468
f 2469 	2448 	2444
f 2498 	2631 	2465
f 2470 	2451 	2450
f 2631 	2633 	2465
f 2450 	2469 	2470
f 2633 	2635 	2465
f 2635 	2486 	2465
f 2486 	2487 	2465
f 2487 	2488 	2465
f 2488 	2489 	2465
f 2489 	2491 	2465
f 2475 	2476 	2465
f 2472 	2474 	2471
f 2465 	2476 	2478
f 2474 	2473 	2471
f 2478 	2480 	2465
f 2480 	2481 	2465
f 2481 	2482 	2465
f 2482 	1958 	2465
f 1958 	1922 	2465
f 2432 	2434 	2431
f 2479 	2420 	2433
f 2808 	2480 	2478
f 2424 	2433 	2434
f 2424 	2479 	2433
f 2503 	2424 	2434
f 2422 	2479 	2425
f 2426 	2425 	2479
f 2426 	2479 	2424
f 2482 	2481 	1951
f 1964 	1958 	2482
f 2418 	2483 	2484
f 1951 	1964 	2482
f 2485 	2370 	2483
f 2483 	2418 	2485
f 2419 	2372 	2485
f 2420 	2485 	2418
f 2420 	2419 	2485
f 2841 	2489 	2488
f 2490 	2426 	2505
f 437 	2490 	2505
f 416 	2428 	2490
f 2475 	2465 	2491
f 2491 	2843 	2475
f 2494 	2282 	2287
f 2495 	2465 	2494
f 2494 	2287 	2454
f 2454 	2495 	2494
f 2495 	2496 	2465
f 2495 	2497 	2496
f 2499 	2496 	2497
f 2497 	2495 	2454
f 2498 	2465 	2496
f 2499 	2498 	2496
f 2498 	2499 	2632
f 2432 	2492 	2500
f 2362 	2367 	2364
f 2500 	2434 	2432
f 2501 	2500 	2492
f 2493 	2501 	2492
f 1880 	2501 	2493
f 2500 	2503 	2434
f 2501 	2504 	2500
f 2504 	2503 	2500
f 2504 	2501 	434
f 2503 	2505 	2424
f 2505 	2426 	2424
f 2506 	2505 	2503
f 2504 	2506 	2503
f 436 	2504 	434
f 436 	2506 	2504
f 437 	2505 	2506
f 441 	437 	2506
f 441 	2506 	436
f 2508 	2509 	2507
f 2668 	2653 	2655
f 2514 	2511 	2512
f 2513 	2523 	2521
f 2521 	2511 	2513
f 2511 	2514 	2513
f 2430 	2429 	2513
f 2513 	2514 	2430
f 2517 	2509 	2508
f 2517 	2508 	2515
f 2516 	2518 	2515
f 2518 	2517 	2515
f 2532 	2518 	2516
f 2511 	2509 	2517
f 2512 	2511 	2517
f 2518 	2512 	2517
f 2507 	2509 	2519
f 2521 	2520 	2519
f 2522 	2541 	2520
f 2521 	2519 	2509
f 2509 	2511 	2521
f 2521 	2523 	2520
f 2523 	2522 	2520
f 2484 	2483 	2522
f 2523 	2484 	2522
f 2523 	2513 	2429
f 2523 	2429 	2484
f 2080 	2088 	2656
f 2092 	2525 	2524
f 2088 	2092 	2524
f 2092 	1532 	2525
f 1532 	2526 	2525
f 1532 	1535 	2526
f 1535 	2649 	2526
f 2529 	2528 	2527
f 1537 	2527 	2649
f 2527 	2493 	2530
f 2527 	2530 	2529
f 1535 	1537 	2649
f 1551 	2493 	2527
f 1537 	1551 	2527
f 1551 	1880 	2493
f 2529 	2530 	2531
f 2525 	2657 	2524
f 2657 	2525 	2532
f 2532 	2533 	2518
f 2526 	2532 	2525
f 2532 	2526 	2533
f 2400 	2547 	2401
f 2534 	2394 	2401
f 2534 	2536 	2394
f 2535 	2537 	2534
f 2536 	2534 	2537
f 2556 	2507 	2519
f 2396 	2536 	2539
f 2396 	2539 	2389
f 2538 	2537 	2535
f 2536 	2537 	2540
f 2536 	2540 	2539
f 2541 	2540 	2537
f 2538 	2541 	2537
f 2520 	2538 	2519
f 2520 	2541 	2538
f 2539 	2542 	2389
f 2542 	2392 	2389
f 2543 	2542 	2539
f 2543 	2539 	2540
f 2541 	2544 	2540
f 2544 	2543 	2540
f 2541 	2522 	2544
f 2369 	2542 	2543
f 2368 	2542 	2369
f 2370 	2369 	2543
f 2543 	2544 	2370
f 2483 	2544 	2522
f 2483 	2370 	2544
f 2545 	2398 	1635
f 1635 	1673 	2545
f 1673 	2548 	2545
f 2548 	1673 	1753
f 2398 	2546 	2400
f 2546 	2398 	2545
f 2400 	2546 	2547
f 2547 	2534 	2401
f 2547 	2553 	2535
f 2547 	2535 	2534
f 1753 	2549 	2548
f 2659 	2549 	1758
f 2549 	2552 	2548
f 2659 	1758 	2108
f 2550 	2546 	2545
f 2548 	2550 	2545
f 2366 	2502 	2365
f 2552 	2550 	2548
f 2367 	2551 	2366
f 2552 	2554 	2550
f 2551 	2502 	2366
f 2659 	2661 	2549
f 2661 	2552 	2549
f 2553 	2547 	2546
f 2550 	2553 	2546
f 2330 	2329 	2502
f 2550 	2554 	2553
f 2330 	2502 	2551
f 2349 	2330 	2551
f 2556 	2535 	2553
f 2556 	2538 	2535
f 2556 	2553 	2554
f 2507 	2556 	2554
f 2555 	2568 	2557
f 2519 	2538 	2556
f 2560 	2562 	2347
f 978 	2558 	2563
f 2561 	2564 	2560
f 2559 	2563 	2558
f 2564 	2562 	2560
f 978 	2563 	2565
f 2565 	979 	978
f 2562 	2566 	2354
f 2566 	2356 	2354
f 2567 	2566 	2562
f 2567 	2562 	2564
f 2565 	973 	979
f 2564 	2580 	2567
f 2569 	2356 	2566
f 2613 	973 	2565
f 2571 	2569 	2566
f 2568 	2555 	2365
f 2502 	2568 	2365
f 2569 	2358 	2356
f 2570 	2559 	2557
f 2572 	2559 	2570
f 2568 	2570 	2557
f 2329 	2568 	2502
f 2570 	2568 	2329
f 2563 	2559 	2572
f 2571 	2566 	2567
f 2572 	2570 	2339
f 2571 	2574 	2569
f 2339 	2342 	2572
f 2358 	2569 	2573
f 2570 	2329 	2339
f 2565 	2563 	2341
f 2573 	2360 	2358
f 2574 	2573 	2569
f 2563 	2572 	2341
f 2342 	2341 	2572
f 2360 	2573 	450
f 2364 	2576 	2575
f 2574 	453 	2573
f 2366 	2576 	2364
f 472 	453 	2574
f 2364 	2575 	2577
f 2578 	2564 	2561
f 2577 	2361 	2362
f 2362 	2364 	2577
f 2366 	2365 	2576
f 2578 	2580 	2564
f 1783 	2582 	2581
f 1784 	1789 	2363
f 1784 	2363 	2582
f 2582 	2577 	2581
f 2577 	2575 	2581
f 2582 	2361 	2577
f 2584 	1140 	2583
f 2583 	2585 	2586
f 2583 	2586 	2584
f 2587 	1140 	2584
f 2586 	2555 	2584
f 2555 	2587 	2584
f 2365 	2555 	2586
f 1140 	2587 	2588
f 2588 	2587 	2557
f 2557 	2559 	2588
f 2555 	2557 	2587
f 2558 	1140 	2588
f 2588 	2559 	2558
f 978 	1140 	2558
f 1140 	2593 	2583
f 2585 	2583 	2593
f 1236 	1230 	1804
f 1236 	1838 	2589
f 1840 	2590 	2589
f 1838 	1840 	2589
f 2591 	1140 	2590
f 2590 	2592 	2591
f 2591 	2594 	2593
f 2585 	2593 	2594
f 2592 	2594 	2591
f 2581 	2594 	2592
f 2576 	2585 	2575
f 2586 	2585 	2576
f 2586 	2576 	2365
f 2592 	1840 	1783
f 2592 	1783 	2581
f 2575 	2585 	2594
f 2581 	2575 	2594
f 2595 	2362 	2361
f 2596 	2595 	2361
f 2595 	2597 	2362
f 2603 	2597 	2595
f 2346 	2597 	2603
f 1789 	1892 	2598
f 2363 	1789 	2598
f 2598 	2596 	2363
f 2596 	2361 	2363
f 2598 	2599 	2596
f 2600 	2596 	2599
f 2595 	2596 	2600
f 2601 	2600 	2599
f 2599 	2602 	2601
f 2600 	2603 	2595
f 2601 	2604 	2600
f 2605 	2477 	2473
f 2600 	2604 	2603
f 2607 	2606 	2477
f 2605 	2607 	2477
f 2707 	2604 	2601
f 2474 	2605 	2473
f 2347 	2346 	2603
f 153 	2606 	28
f 2603 	2604 	2347
f 2607 	2609 	2606
f 2604 	2560 	2347
f 28 	2606 	2609
f 1892 	2608 	2598
f 2463 	30 	28
f 28 	2609 	2463
f 2463 	2464 	30
f 2464 	32 	30
f 2608 	2599 	2598
f 2610 	2602 	2608
f 2290 	2612 	2289
f 2602 	2599 	2608
f 2703 	2602 	2610
f 2362 	2597 	2367
f 2348 	2551 	2367
f 2349 	2551 	2348
f 2597 	2348 	2367
f 2597 	2346 	2348
f 2612 	2611 	2289
f 2290 	2408 	2612
f 2565 	2341 	2613
f 2612 	2616 	2611
f 2616 	2614 	2611
f 2617 	2616 	2612
f 2408 	2617 	2612
f 2408 	2618 	2617
f 2620 	2619 	2614
f 2616 	2620 	2614
f 2618 	2630 	2617
f 2449 	2618 	2447
f 2449 	2630 	2618
f 2713 	2622 	2620
f 2620 	2629 	2713
f 2622 	2621 	2619
f 2622 	2619 	2620
f 2737 	2621 	2623
f 2621 	2624 	2623
f 2622 	2624 	2621
f 2622 	2715 	2624
f 2720 	2626 	2624
f 2739 	2623 	2625
f 2626 	2623 	2624
f 2623 	2626 	2625
f 2720 	2624 	2715
f 2628 	2627 	2625
f 2628 	36 	2627
f 2628 	2625 	2626
f 2627 	36 	35
f 84 	36 	2628
f 2617 	2629 	2616
f 2616 	2629 	2620
f 2630 	2629 	2617
f 2498 	2632 	2631
f 2632 	2634 	2631
f 2634 	2633 	2631
f 2853 	2635 	2633
f 2497 	2454 	2725
f 2726 	2499 	2497
f 2725 	2726 	2497
f 2499 	2729 	2632
f 2249 	2636 	2284
f 2636 	2286 	2284
f 2249 	2637 	2636
f 2250 	2641 	2637
f 2647 	2286 	2636
f 2262 	2639 	2638
f 2640 	2643 	2639
f 2268 	2611 	2640
f 2250 	2638 	2641
f 2641 	2638 	2642
f 2642 	2645 	2641
f 2639 	2642 	2638
f 2642 	2639 	2643
f 2614 	2643 	2640
f 2614 	2619 	2643
f 2611 	2614 	2640
f 2644 	2637 	2641
f 2644 	2641 	2645
f 2646 	2645 	2642
f 2646 	2642 	2643
f 2643 	2619 	2646
f 2646 	2737 	2645
f 2621 	2737 	2646
f 2646 	2619 	2621
f 2647 	2288 	2286
f 2636 	2637 	2648
f 2648 	2647 	2636
f 2649 	2533 	2526
f 2649 	2658 	2533
f 2650 	2658 	2528
f 2527 	2528 	2658
f 2528 	2529 	2651
f 2528 	2651 	2650
f 2531 	2651 	2529
f 2651 	2531 	2530
f 2492 	2430 	2650
f 2493 	2492 	2650
f 2651 	2530 	2650
f 2530 	2493 	2650
f 2099 	2101 	2652
f 2652 	2653 	2666
f 2666 	2653 	2668
f 2654 	2653 	2652
f 2654 	2656 	2653
f 2654 	2652 	2101
f 2655 	2653 	2656
f 2080 	2656 	2654
f 2510 	2655 	2657
f 2510 	2657 	2516
f 2657 	2655 	2524
f 2656 	2524 	2655
f 2656 	2088 	2524
f 2532 	2516 	2657
f 2518 	2533 	2512
f 2658 	2512 	2533
f 2658 	2514 	2512
f 2650 	2514 	2658
f 2650 	2430 	2514
f 2649 	2527 	2658
f 2108 	2660 	2659
f 2660 	2662 	2659
f 2662 	2661 	2659
f 2667 	2662 	2660
f 2663 	2554 	2552
f 2661 	2663 	2552
f 2662 	2664 	2661
f 2664 	2663 	2661
f 2663 	2507 	2554
f 2508 	2507 	2663
f 2508 	2663 	2664
f 2515 	2508 	2664
f 2665 	2660 	2109
f 2254 	2666 	2253
f 2253 	2666 	2665
f 2254 	2652 	2666
f 2665 	2667 	2660
f 2668 	2667 	2665
f 2666 	2668 	2665
f 2669 	2664 	2662
f 2662 	2667 	2669
f 2668 	2510 	2667
f 2669 	2667 	2510
f 2655 	2510 	2668
f 2515 	2664 	2669
f 2516 	2515 	2669
f 2510 	2516 	2669
f 2613 	2615 	973
f 2188 	2149 	2187
f 2613 	2344 	2670
f 347 	2149 	2188
f 2670 	2615 	2613
f 383 	2190 	378
f 2671 	2670 	2344
f 2671 	2677 	2670
f 2345 	2671 	2344
f 2188 	2672 	347
f 2672 	382 	347
f 2188 	2190 	2672
f 2672 	383 	382
f 2672 	2190 	383
f 2189 	378 	2190
f 2674 	2673 	2615
f 2670 	2674 	2615
f 2675 	1861 	2676
f 2670 	2677 	2674
f 924 	2675 	2012
f 2673 	2678 	975
f 2678 	976 	975
f 2679 	2676 	1908
f 2673 	2685 	2678
f 2676 	1861 	1908
f 2680 	2681 	2676
f 2675 	2676 	2681
f 2682 	2681 	2680
f 2677 	2687 	2674
f 2680 	2683 	2682
f 2683 	944 	945
f 2678 	1044 	976
f 2683 	945 	2682
f 2684 	2012 	2675
f 2681 	2684 	2675
f 2673 	2674 	2685
f 2682 	2686 	2681
f 2674 	2687 	2685
f 2694 	2687 	2677
f 1044 	2678 	2688
f 2688 	2678 	2685
f 2687 	2689 	2685
f 2689 	2688 	2685
f 2688 	2690 	1044
f 2690 	1054 	1044
f 397 	2691 	2689
f 1475 	1054 	2690
f 2690 	1619 	1475
f 2691 	2690 	2688
f 2691 	1619 	2690
f 2689 	2691 	2688
f 402 	1619 	2691
f 397 	402 	2691
f 2352 	2692 	2345
f 2692 	2671 	2345
f 2359 	381 	2352
f 2693 	2677 	2671
f 2692 	2693 	2671
f 2693 	2692 	380
f 2693 	2694 	2677
f 2693 	385 	2694
f 380 	385 	2693
f 2687 	2695 	2689
f 2687 	2694 	2695
f 2694 	387 	2695
f 398 	397 	2695
f 387 	398 	2695
f 2694 	385 	387
f 2689 	2695 	397
f 381 	2692 	2352
f 2360 	2696 	2359
f 2696 	381 	2359
f 450 	2696 	2360
f 381 	2696 	379
f 450 	456 	2696
f 456 	379 	2696
f 381 	380 	2692
f 2697 	2580 	2578
f 2579 	2697 	2578
f 2698 	2571 	2567
f 2580 	2698 	2567
f 2697 	2699 	2580
f 2698 	2580 	2699
f 2700 	2574 	2571
f 2698 	2700 	2571
f 2698 	2701 	2700
f 2701 	2698 	2699
f 1117 	2701 	2699
f 1118 	2701 	1117
f 2574 	2700 	472
f 476 	2700 	2701
f 472 	2700 	476
f 1118 	476 	2701
f 2702 	2699 	2697
f 2702 	2697 	2786
f 1117 	2699 	2702
f 2702 	1126 	1117
f 2704 	2602 	2703
f 2601 	2602 	2704
f 2705 	2704 	2703
f 2703 	2706 	2705
f 2601 	2704 	2707
f 2705 	2708 	2704
f 2708 	2707 	2704
f 2707 	2560 	2604
f 2561 	2560 	2707
f 2257 	2709 	1901
f 2610 	1901 	2709
f 2257 	2710 	2709
f 2610 	2709 	2703
f 2710 	2706 	2709
f 2706 	2703 	2709
f 2711 	2706 	2710
f 2630 	2714 	2629
f 2714 	2713 	2629
f 2714 	2716 	2713
f 2622 	2713 	2715
f 2713 	2716 	2715
f 2644 	2648 	2637
f 2647 	2718 	2288
f 2288 	2718 	2717
f 2719 	2718 	2647
f 2715 	2716 	2721
f 2721 	2720 	2715
f 2762 	2758 	2721
f 2720 	2722 	2626
f 2722 	2628 	2626
f 2648 	2719 	2647
f 2718 	2723 	2717
f 2719 	2724 	2718
f 2724 	2723 	2718
f 2717 	2725 	2454
f 2723 	2725 	2717
f 2725 	2723 	2727
f 2727 	2726 	2725
f 2728 	2727 	2723
f 2728 	2731 	2727
f 2731 	2730 	2727
f 2724 	2728 	2723
f 2726 	2729 	2499
f 2730 	2729 	2726
f 2730 	2726 	2727
f 595 	2632 	2729
f 2634 	2632 	595
f 595 	2729 	600
f 2730 	600 	2729
f 611 	600 	2730
f 611 	2730 	2731
f 595 	2854 	2634
f 2644 	2732 	2648
f 2732 	2719 	2648
f 2732 	2733 	2719
f 2733 	2724 	2719
f 2733 	2734 	2724
f 2724 	2734 	2728
f 2740 	2734 	2733
f 2735 	2731 	2728
f 2728 	2734 	2735
f 920 	611 	2731
f 2735 	920 	2731
f 928 	920 	2735
f 2742 	928 	2735
f 2645 	2736 	2644
f 2736 	2732 	2644
f 2737 	2736 	2645
f 2736 	2738 	2732
f 2733 	2732 	2738
f 2739 	2738 	2736
f 2737 	2739 	2736
f 2623 	2739 	2737
f 2733 	2738 	2740
f 2739 	2741 	2738
f 2741 	2740 	2738
f 2625 	2741 	2739
f 2625 	2627 	2741
f 2627 	2743 	2741
f 2740 	2742 	2734
f 2742 	2735 	2734
f 2743 	2742 	2740
f 2743 	929 	2742
f 2743 	2740 	2741
f 2742 	929 	928
f 35 	929 	2743
f 2627 	35 	2743
f 2793 	2792 	2744
f 2793 	2744 	2745
f 2749 	2748 	2746
f 2747 	2749 	2746
f 2815 	2748 	1872
f 1908 	2748 	2749
f 1908 	1872 	2748
f 2679 	1908 	2749
f 2712 	2706 	2711
f 2712 	2705 	2706
f 2712 	2753 	2705
f 2753 	2708 	2705
f 2712 	2754 	2753
f 2258 	2751 	2710
f 2751 	2711 	2710
f 2708 	2561 	2707
f 2752 	2754 	2712
f 2753 	2755 	2708
f 2755 	2561 	2708
f 2756 	2755 	2753
f 2754 	2756 	2753
f 2755 	2578 	2561
f 2579 	2755 	2756
f 2579 	2578 	2755
f 2752 	2712 	2711
f 2752 	2711 	2757
f 2757 	411 	412
f 2758 	2722 	2720
f 2758 	2720 	2721
f 2722 	84 	2628
f 89 	2722 	2758
f 89 	84 	2722
f 2759 	2714 	2630
f 2630 	2449 	2759
f 2449 	2451 	2759
f 2760 	2716 	2714
f 2760 	2714 	2759
f 2760 	2759 	2471
f 2761 	2721 	2716
f 2760 	2761 	2716
f 2473 	2760 	2471
f 2760 	2473 	2761
f 2761 	2762 	2721
f 2477 	2762 	2761
f 2606 	153 	2762
f 2473 	2477 	2761
f 153 	2758 	2762
f 153 	89 	2758
f 2762 	2477 	2606
f 2763 	1073 	2745
f 1075 	1073 	2763
f 2766 	2768 	2765
f 2768 	2767 	2765
f 2770 	2769 	2767
f 2771 	2763 	2769
f 2771 	2769 	2770
f 2770 	2767 	2768
f 2768 	2773 	2770
f 2771 	1075 	2763
f 1075 	2771 	1461
f 25 	2818 	2
f 2776 	2773 	2774
f 2776 	2775 	2773
f 2775 	2771 	2770
f 2775 	2770 	2773
f 2852 	2776 	2774
f 1461 	2771 	2775
f 1463 	1461 	2775
f 2776 	1463 	2775
f 2134 	1463 	2776
f 1 	2778 	2777
f 2818 	2778 	2
f 2777 	2779 	2764
f 2764 	2779 	2766
f 2780 	2779 	2777
f 2778 	2780 	2777
f 2781 	2768 	2766
f 2781 	2766 	2779
f 2779 	2780 	2772
f 412 	2752 	2757
f 2258 	2427 	2751
f 2427 	2782 	2751
f 416 	2782 	2428
f 2757 	2751 	2782
f 411 	2782 	416
f 2751 	2757 	2711
f 411 	2757 	2782
f 2783 	2754 	2752
f 2783 	2784 	2754
f 2784 	2756 	2754
f 2785 	2579 	2756
f 2784 	2785 	2756
f 2785 	2786 	2579
f 2786 	2697 	2579
f 2787 	2786 	2785
f 2787 	2788 	2786
f 2788 	2702 	2786
f 2787 	1132 	2788
f 1132 	1133 	2788
f 1131 	1132 	2787
f 2788 	1126 	2702
f 2788 	1133 	1126
f 2789 	2783 	412
f 2789 	2790 	2783
f 412 	418 	2789
f 2790 	2784 	2783
f 2790 	2789 	429
f 2790 	2791 	2784
f 2791 	2785 	2784
f 403 	2791 	2790
f 2791 	2787 	2785
f 1131 	2791 	403
f 1131 	2787 	2791
f 2790 	429 	403
f 2686 	2684 	2681
f 950 	2686 	2682
f 950 	1081 	2686
f 950 	2682 	945
f 2684 	2805 	2012
f 2744 	2792 	2829
f 2829 	2792 	2679
f 1073 	2793 	2745
f 2680 	2676 	2679
f 2792 	2680 	2679
f 2793 	2683 	2792
f 2683 	2680 	2792
f 944 	2683 	2793
f 944 	2793 	1073
f 939 	930 	2794
f 2794 	943 	939
f 2796 	943 	2794
f 2795 	2797 	2794
f 2794 	2797 	2796
f 949 	2796 	2799
f 2799 	2798 	949
f 2800 	2799 	2796
f 2797 	2800 	2796
f 2037 	2269 	2798
f 2123 	2798 	2799
f 2123 	2037 	2798
f 2124 	2799 	2800
f 2124 	2123 	2799
f 2259 	2124 	2800
f 2012 	2805 	2801
f 2801 	2802 	931
f 2801 	508 	2802
f 508 	503 	2802
f 503 	2803 	2802
f 508 	2801 	2805
f 2803 	2797 	2795
f 2803 	2795 	2802
f 2803 	2804 	2797
f 2804 	2800 	2797
f 593 	2803 	503
f 593 	2804 	2803
f 2804 	2259 	2800
f 2804 	601 	2259
f 2684 	2806 	2805
f 2806 	2684 	2686
f 2686 	1081 	2806
f 2806 	2807 	2805
f 2807 	508 	2805
f 2806 	1085 	2807
f 2807 	506 	508
f 1085 	1089 	2807
f 2750 	2812 	2808
f 2809 	2481 	2480
f 1951 	2481 	2809
f 2809 	2480 	2808
f 2815 	1951 	2809
f 2813 	2812 	2811
f 2812 	2750 	2811
f 2812 	2814 	2808
f 2814 	2809 	2808
f 2814 	2812 	2746
f 2746 	2748 	2814
f 2813 	2746 	2812
f 2747 	2746 	2813
f 1866 	1951 	2815
f 2815 	2809 	2814
f 2748 	2815 	2814
f 2779 	2772 	2781
f 2846 	2772 	2780
f 2768 	2781 	2773
f 2774 	2773 	2781
f 2774 	2781 	2772
f 12 	2816 	576
f 2816 	2837 	576
f 12 	14 	2816
f 2816 	2817 	2837
f 2764 	2816 	14
f 2817 	2816 	2764
f 2777 	2764 	14
f 2766 	2817 	2764
f 2766 	2765 	2817
f 1872 	1866 	2815
f 2823 	2820 	2821
f 2822 	2811 	2810
f 2820 	2822 	2810
f 2820 	2823 	2822
f 2813 	2811 	2822
f 2824 	2813 	2822
f 2824 	2822 	2823
f 2824 	2823 	2827
f 2824 	2747 	2813
f 2828 	2747 	2824
f 2821 	2826 	2823
f 2821 	2825 	2826
f 2827 	2823 	2826
f 2826 	2832 	2827
f 2824 	2827 	2828
f 2828 	2829 	2747
f 2829 	2749 	2747
f 2744 	2829 	2828
f 2679 	2749 	2829
f 2825 	2830 	2826
f 2825 	2838 	2830
f 2826 	2830 	2832
f 2831 	2833 	2830
f 2833 	2832 	2830
f 2767 	2833 	2831
f 2767 	2769 	2833
f 2767 	2831 	2765
f 2832 	2834 	2827
f 2834 	2828 	2827
f 2835 	2834 	2832
f 2745 	2834 	2835
f 2835 	2832 	2833
f 2835 	2833 	2769
f 2834 	2744 	2828
f 2834 	2745 	2744
f 2763 	2745 	2835
f 2763 	2835 	2769
f 2839 	2836 	2837
f 2838 	2825 	532
f 2836 	2838 	532
f 2836 	2839 	2838
f 2817 	2839 	2837
f 2765 	2839 	2817
f 2765 	2831 	2839
f 2831 	2830 	2838
f 2831 	2838 	2839
f 2840 	2487 	2858
f 2840 	2488 	2487
f 2840 	2841 	2488
f 2842 	2491 	2489
f 2843 	2491 	2842
f 2841 	2842 	2489
f 2843 	2844 	2475
f 2818 	2819 	2778
f 2844 	2476 	2475
f 2778 	2819 	2780
f 2845 	2819 	2818
f 2750 	2478 	2476
f 2844 	2750 	2476
f 2810 	2811 	2844
f 2811 	2750 	2844
f 2819 	2846 	2780
f 2478 	2750 	2808
f 2845 	2847 	2819
f 2848 	2841 	2840
f 2847 	2846 	2819
f 2840 	2860 	2848
f 2845 	2460 	2847
f 2841 	2862 	2842
f 2460 	2845 	2459
f 2846 	2849 	2772
f 2862 	2850 	2842
f 2850 	2843 	2842
f 2849 	2774 	2772
f 2851 	2849 	2846
f 2850 	2810 	2843
f 2844 	2843 	2810
f 2847 	2851 	2846
f 2847 	2460 	2461
f 2847 	2461 	2851
f 2634 	2853 	2633
f 2849 	2852 	2774
f 2141 	2849 	2851
f 2853 	2634 	2854
f 2852 	2849 	2141
f 2462 	2141 	2851
f 2462 	2851 	2461
f 2635 	2853 	2855
f 2134 	2776 	2852
f 2855 	2486 	2635
f 2142 	2852 	2141
f 2856 	2855 	2853
f 46 	40 	4
f 2854 	2856 	2853
f 911 	915 	2854
f 9 	941 	41
f 2854 	915 	2856
f 2857 	9 	41
f 2858 	2487 	2486
f 46 	2857 	41
f 2855 	2858 	2486
f 6 	2857 	46
f 2856 	2859 	2855
f 2859 	2858 	2855
f 6 	8 	2857
f 2857 	11 	9
f 8 	11 	2857
f 2840 	2858 	2860
f 1 	14 	13
f 2777 	14 	1
f 2859 	2860 	2858
f 89 	27 	110
f 2860 	2859 	2871
f 29 	134 	110
f 29 	31 	134
f 27 	29 	110
f 5 	134 	31
f 33 	7 	5
f 2848 	2862 	2841
f 31 	33 	5
f 2848 	2861 	2863
f 33 	23 	7
f 2863 	2862 	2848
f 2865 	2863 	2861
f 34 	2868 	2864
f 2866 	2850 	2862
f 2863 	2866 	2862
f 8 	3 	11
f 2865 	2867 	2863
f 2864 	2868 	8
f 2867 	2866 	2863
f 3 	8 	2868
f 2868 	2 	3
f 25 	2868 	34
f 25 	2 	2868
f 2864 	23 	34
f 2820 	2810 	2850
f 3 	1 	13
f 2866 	2820 	2850
f 2821 	2820 	2866
f 2821 	2866 	2867
f 2869 	2859 	2856
f 915 	2869 	2856
f 2870 	915 	917
f 2870 	2869 	915
f 2869 	2871 	2859
f 2872 	2871 	2869
f 2873 	2871 	2872
f 2870 	2872 	2869
f 2871 	2861 	2860
f 2861 	2848 	2860
f 2871 	2873 	2861
f 2873 	2865 	2861
f 2874 	2872 	2870
f 538 	926 	940
f 538 	2874 	926
f 541 	940 	941
f 538 	940 	541
f 9 	541 	941
f 2873 	2876 	2865
f 2825 	2821 	2867
f 2874 	2875 	2872
f 2875 	2873 	2872
f 547 	2874 	538
f 547 	2875 	2874
f 2875 	2876 	2873
f 565 	2876 	2875
f 565 	2836 	2876
f 565 	2875 	547
f 532 	2867 	2865
f 532 	2825 	2867
f 2876 	532 	2865
f 2876 	2836 	532
# 3326 faces

g group_0_-12142775

usemtl color_-12142775
s 0

f 42 	43 	44
f 42 	44 	45
f 43 	47 	48
f 43 	48 	44
f 47 	49 	50
f 47 	50 	48
f 49 	51 	52
f 49 	52 	50
f 51 	53 	54
f 51 	54 	52
f 53 	55 	56
f 53 	56 	54
f 59 	60 	61
f 60 	62 	63
f 60 	63 	61
f 62 	64 	65
f 62 	65 	63
f 64 	66 	67
f 64 	67 	65
f 66 	68 	69
f 66 	69 	67
f 68 	70 	71
f 68 	71 	69
f 70 	72 	73
f 70 	73 	71
f 72 	58 	57
f 72 	57 	73
f 75 	56 	74
f 55 	74 	56
f 75 	74 	76
f 75 	76 	77
f 76 	78 	79
f 76 	79 	77
f 78 	80 	81
f 78 	81 	79
f 80 	82 	83
f 80 	83 	81
f 85 	86 	83
f 85 	83 	82
f 87 	88 	86
f 87 	86 	85
f 90 	91 	88
f 90 	88 	87
f 92 	93 	91
f 92 	91 	90
f 92 	59 	93
f 61 	93 	59
f 618 	619 	739
f 613 	739 	619
f 614 	739 	613
f 739 	740 	618
f 620 	621 	614
f 621 	739 	614
f 744 	616 	740
f 743 	744 	740
f 741 	747 	740
f 742 	747 	741
f 617 	618 	740
f 616 	617 	740
f 745 	746 	742
f 747 	742 	746
f 743 	740 	747
f 753 	755 	613
f 753 	613 	619
f 755 	761 	614
f 755 	614 	613
f 762 	616 	763
f 768 	617 	616
f 768 	616 	762
f 1277 	618 	617
f 1277 	617 	768
f 1278 	619 	618
f 1278 	618 	1277
f 619 	1278 	753
f 620 	1282 	1283
f 620 	1283 	621
f 1283 	1285 	739
f 1283 	739 	621
f 1285 	1286 	740
f 1285 	740 	739
f 1286 	1288 	741
f 1286 	741 	740
f 1290 	742 	741
f 1290 	741 	1288
f 742 	1290 	1291
f 1291 	1292 	745
f 1291 	745 	742
f 1292 	1293 	746
f 1292 	746 	745
f 1293 	1294 	747
f 1293 	747 	746
f 747 	1294 	1295
f 747 	1295 	743
f 1296 	744 	743
f 1296 	743 	1295
f 1296 	763 	744
f 616 	744 	763
f 1375 	1376 	1381
f 1373 	1380 	1372
f 1380 	1381 	1376
f 1376 	1377 	1380
f 1372 	1380 	1377
f 1378 	1379 	1373
f 1380 	1373 	1379
f 1383 	1389 	1382
f 1385 	1386 	1382
f 1374 	1375 	1381
f 1381 	1382 	1374
f 1387 	1388 	1383
f 1386 	1374 	1382
f 1389 	1383 	1388
f 1385 	1382 	1389
f 224 	223 	1374
f 223 	225 	1375
f 223 	1375 	1374
f 225 	226 	1376
f 225 	1376 	1375
f 226 	227 	1377
f 226 	1377 	1376
f 227 	228 	1372
f 227 	1372 	1377
f 228 	222 	1373
f 228 	1373 	1372
f 1378 	219 	229
f 1378 	229 	1379
f 229 	230 	1380
f 229 	1380 	1379
f 230 	231 	1381
f 230 	1381 	1380
f 231 	232 	1382
f 231 	1382 	1381
f 233 	1383 	1382
f 233 	1382 	232
f 1383 	233 	234
f 234 	235 	1387
f 234 	1387 	1383
f 235 	236 	1388
f 235 	1388 	1387
f 236 	173 	1389
f 236 	1389 	1388
f 1389 	173 	237
f 1389 	237 	1385
f 238 	1386 	1385
f 238 	1385 	237
f 238 	224 	1386
f 1374 	1386 	224
f 1556 	1557 	1373
f 1556 	1373 	1558
f 1556 	1558 	1559
f 1556 	1559 	1560
f 1556 	1560 	1561
f 1556 	1561 	1562
f 1556 	1562 	1563
f 1566 	1373 	1565
f 1564 	1565 	1373
f 1567 	1373 	1566
f 1568 	1373 	1567
f 1569 	1373 	1568
f 1570 	1373 	1569
f 1378 	1373 	1570
f 1557 	1564 	1373
f 1373 	222 	303
f 1373 	303 	1558
f 303 	304 	1559
f 303 	1559 	1558
f 304 	305 	1560
f 304 	1560 	1559
f 305 	306 	1561
f 305 	1561 	1560
f 306 	307 	1562
f 306 	1562 	1561
f 307 	308 	1563
f 307 	1563 	1562
f 308 	309 	1556
f 308 	1556 	1563
f 1557 	1556 	310
f 309 	310 	1556
f 1564 	1557 	311
f 310 	311 	1557
f 311 	312 	1565
f 311 	1565 	1564
f 312 	313 	1566
f 312 	1566 	1565
f 313 	314 	1567
f 313 	1567 	1566
f 314 	315 	1568
f 314 	1568 	1567
f 315 	316 	1569
f 315 	1569 	1568
f 316 	317 	1570
f 316 	1570 	1569
f 317 	219 	1378
f 317 	1378 	1570
f 1658 	1656 	1657
f 1656 	1663 	614
f 1655 	1657 	1656
f 614 	1655 	1656
f 1656 	1658 	1659
f 1656 	1659 	1660
f 1661 	1662 	1660
f 1656 	1660 	1662
f 1665 	614 	1664
f 1666 	614 	1665
f 1667 	614 	1666
f 1668 	614 	1667
f 1669 	614 	1668
f 620 	614 	1669
f 1663 	1664 	614
f 1670 	1655 	614
f 1670 	614 	761
f 1670 	1671 	1655
f 1657 	1655 	1671
f 1671 	1672 	1657
f 1672 	1674 	1658
f 1672 	1658 	1657
f 1674 	1675 	1659
f 1674 	1659 	1658
f 1675 	1676 	1660
f 1675 	1660 	1659
f 1676 	1677 	1661
f 1676 	1661 	1660
f 1677 	1678 	1662
f 1677 	1662 	1661
f 1678 	1679 	1656
f 1678 	1656 	1662
f 1663 	1656 	1679
f 1679 	1680 	1663
f 1680 	1681 	1664
f 1680 	1664 	1663
f 1681 	1682 	1665
f 1681 	1665 	1664
f 1682 	1683 	1666
f 1682 	1666 	1665
f 1683 	1684 	1667
f 1683 	1667 	1666
f 1684 	1685 	1668
f 1684 	1668 	1667
f 1685 	1686 	1669
f 1685 	1669 	1668
f 1686 	1282 	620
f 1686 	620 	1669
f 2158 	2163 	2157
f 2156 	2157 	2163
f 2159 	2171 	2158
f 2160 	2171 	2159
f 2161 	2171 	2160
f 2162 	2171 	2161
f 2155 	2156 	2163
f 2155 	2163 	2164
f 2155 	2164 	2165
f 2155 	2165 	2166
f 2155 	2166 	2167
f 2168 	2169 	2167
f 2155 	2167 	2169
f 2163 	2158 	2171
f 2162 	2180 	2171
f 2170 	2171 	2180
f 2173 	2174 	2180
f 2174 	2175 	2180
f 2175 	2176 	2180
f 2176 	2177 	2180
f 2177 	2178 	2180
f 2170 	2180 	2178
f 2172 	2173 	2180
f 2179 	2172 	2180
f 2179 	2180 	2181
f 2179 	2181 	2182
f 2179 	2182 	2183
f 2179 	2183 	2184
f 2179 	2184 	2185
f 2179 	2185 	2186
f 1983 	1982 	2163
f 1982 	1984 	2164
f 1982 	2164 	2163
f 1984 	1985 	2165
f 1984 	2165 	2164
f 1985 	1988 	2166
f 1985 	2166 	2165
f 1988 	1990 	2167
f 1988 	2167 	2166
f 1990 	1991 	2168
f 1990 	2168 	2167
f 1991 	1992 	2169
f 1991 	2169 	2168
f 1992 	1981 	2155
f 1992 	2155 	2169
f 1981 	1996 	2156
f 1981 	2156 	2155
f 1996 	1997 	2157
f 1996 	2157 	2156
f 1997 	1998 	2158
f 1997 	2158 	2157
f 1998 	2000 	2159
f 1998 	2159 	2158
f 2000 	2003 	2160
f 2000 	2160 	2159
f 2003 	2004 	2161
f 2003 	2161 	2160
f 2004 	2005 	2162
f 2004 	2162 	2161
f 2005 	2009 	2162
f 2171 	1980 	1983
f 2171 	1983 	2163
f 2010 	1959 	2172
f 2172 	1959 	2011
f 2172 	2011 	2173
f 2011 	2013 	2174
f 2011 	2174 	2173
f 2013 	2014 	2175
f 2013 	2175 	2174
f 2014 	2015 	2176
f 2014 	2176 	2175
f 2015 	2016 	2177
f 2015 	2177 	2176
f 2016 	2017 	2178
f 2016 	2178 	2177
f 2017 	2018 	2170
f 2017 	2170 	2178
f 2018 	1980 	2171
f 2018 	2171 	2170
f 2009 	1975 	2180
f 2009 	2180 	2162
f 2180 	1975 	2019
f 2180 	2019 	2181
f 2019 	2020 	2182
f 2019 	2182 	2181
f 2020 	2021 	2183
f 2020 	2183 	2182
f 2021 	2022 	2184
f 2021 	2184 	2183
f 2023 	2185 	2184
f 2023 	2184 	2022
f 2024 	2186 	2185
f 2024 	2185 	2023
f 2025 	2179 	2186
f 2025 	2186 	2024
f 2025 	2010 	2179
f 2172 	2179 	2010
f 48 	2335 	44
f 45 	44 	2335
f 50 	2334 	48
f 56 	52 	54
f 52 	2334 	50
f 57 	2332 	52
f 2332 	2333 	52
f 2333 	2334 	52
f 2335 	48 	2334
f 2331 	45 	2335
f 2331 	2335 	2336
f 2337 	2338 	2336
f 2331 	2336 	2338
f 73 	57 	52
f 61 	63 	52
f 63 	65 	52
f 65 	67 	52
f 67 	69 	52
f 69 	71 	52
f 73 	52 	71
f 93 	61 	52
f 56 	75 	52
f 75 	77 	52
f 77 	79 	52
f 79 	81 	52
f 81 	83 	52
f 83 	86 	52
f 86 	88 	52
f 91 	52 	88
f 93 	52 	91
f 2332 	57 	176
f 58 	176 	57
f 176 	177 	2333
f 176 	2333 	2332
f 177 	178 	2334
f 177 	2334 	2333
f 178 	179 	2335
f 178 	2335 	2334
f 179 	180 	2336
f 179 	2336 	2335
f 180 	181 	2337
f 180 	2337 	2336
f 181 	182 	2338
f 181 	2338 	2337
f 182 	175 	2331
f 182 	2331 	2338
f 175 	42 	45
f 175 	45 	2331
# 386 faces

g group_0_-8934

usemtl color_-8934
s 0

f 98 	103 	97
f 96 	97 	103
f 99 	112 	98
f 100 	112 	99
f 101 	112 	100
f 102 	112 	101
f 95 	96 	103
f 95 	103 	104
f 95 	104 	105
f 95 	105 	106
f 95 	106 	107
f 108 	109 	107
f 95 	107 	109
f 103 	98 	112
f 102 	121 	112
f 111 	112 	121
f 114 	115 	121
f 115 	116 	121
f 116 	117 	121
f 117 	118 	121
f 118 	119 	121
f 111 	121 	119
f 113 	114 	121
f 120 	113 	121
f 120 	121 	122
f 120 	122 	123
f 120 	123 	124
f 120 	124 	125
f 120 	125 	126
f 120 	126 	127
f 128 	130 	104
f 128 	104 	103
f 130 	131 	105
f 130 	105 	104
f 131 	132 	106
f 131 	106 	105
f 132 	133 	107
f 132 	107 	106
f 133 	135 	108
f 133 	108 	107
f 135 	136 	109
f 135 	109 	108
f 136 	137 	95
f 136 	95 	109
f 137 	138 	96
f 137 	96 	95
f 138 	139 	97
f 138 	97 	96
f 139 	140 	98
f 139 	98 	97
f 140 	141 	99
f 140 	99 	98
f 141 	142 	100
f 141 	100 	99
f 142 	143 	101
f 142 	101 	100
f 143 	144 	102
f 143 	102 	101
f 144 	156 	102
f 128 	103 	145
f 112 	145 	103
f 146 	147 	113
f 113 	147 	148
f 113 	148 	114
f 148 	149 	115
f 148 	115 	114
f 149 	150 	116
f 149 	116 	115
f 150 	151 	117
f 150 	117 	116
f 151 	152 	118
f 151 	118 	117
f 152 	154 	119
f 152 	119 	118
f 154 	155 	111
f 154 	111 	119
f 155 	145 	112
f 155 	112 	111
f 156 	121 	102
f 121 	156 	157
f 121 	157 	122
f 157 	158 	123
f 157 	123 	122
f 158 	159 	124
f 158 	124 	123
f 159 	160 	125
f 159 	125 	124
f 161 	126 	125
f 161 	125 	160
f 183 	127 	126
f 183 	126 	161
f 184 	120 	127
f 184 	127 	183
f 184 	146 	120
f 113 	120 	146
f 1300 	1301 	1306
f 1298 	1305 	1297
f 1305 	1306 	1301
f 1301 	1302 	1305
f 1297 	1305 	1302
f 1303 	1304 	1298
f 1305 	1298 	1304
f 1308 	1313 	1307
f 1309 	1310 	1307
f 1299 	1300 	1306
f 1306 	1307 	1299
f 1311 	1312 	1308
f 1310 	1299 	1307
f 1313 	1308 	1312
f 1309 	1307 	1313
f 1314 	1315 	1299
f 1315 	1316 	1300
f 1315 	1300 	1299
f 1316 	1317 	1301
f 1316 	1301 	1300
f 1317 	1318 	1302
f 1317 	1302 	1301
f 1318 	1319 	1297
f 1318 	1297 	1302
f 1319 	1320 	1298
f 1319 	1298 	1297
f 1303 	1321 	1322
f 1303 	1322 	1304
f 1322 	1323 	1305
f 1322 	1305 	1304
f 1323 	1324 	1306
f 1323 	1306 	1305
f 1324 	1325 	1307
f 1324 	1307 	1306
f 1326 	1308 	1307
f 1326 	1307 	1325
f 1308 	1326 	1327
f 1327 	1328 	1311
f 1327 	1311 	1308
f 1328 	1329 	1312
f 1328 	1312 	1311
f 1329 	1330 	1313
f 1329 	1313 	1312
f 1313 	1330 	1331
f 1313 	1331 	1309
f 1332 	1310 	1309
f 1332 	1309 	1331
f 1332 	1314 	1310
f 1299 	1310 	1314
f 1397 	1398 	1402
f 1393 	1402 	1398
f 1394 	1402 	1393
f 1402 	1403 	1397
f 1400 	1401 	1394
f 1401 	1402 	1394
f 1407 	1395 	1403
f 1406 	1407 	1403
f 1404 	1410 	1403
f 1405 	1410 	1404
f 1396 	1397 	1403
f 1395 	1396 	1403
f 1408 	1409 	1405
f 1410 	1405 	1409
f 1406 	1403 	1410
f 240 	239 	1393
f 240 	1393 	1398
f 239 	220 	1394
f 239 	1394 	1393
f 241 	1395 	242
f 243 	1396 	1395
f 243 	1395 	241
f 244 	1397 	1396
f 244 	1396 	243
f 245 	1398 	1397
f 245 	1397 	244
f 1398 	245 	240
f 1400 	217 	246
f 1400 	246 	1401
f 246 	247 	1402
f 246 	1402 	1401
f 247 	248 	1403
f 247 	1403 	1402
f 248 	249 	1404
f 248 	1404 	1403
f 250 	1405 	1404
f 250 	1404 	249
f 1405 	250 	251
f 251 	252 	1408
f 251 	1408 	1405
f 252 	253 	1409
f 252 	1409 	1408
f 253 	171 	1410
f 253 	1410 	1409
f 1410 	171 	254
f 1410 	254 	1406
f 255 	1407 	1406
f 255 	1406 	254
f 255 	242 	1407
f 1395 	1407 	242
f 1606 	1605 	1604
f 1605 	1612 	1394
f 1394 	1604 	1605
f 1605 	1606 	1607
f 1605 	1607 	1608
f 1605 	1608 	1609
f 1610 	1611 	1609
f 1605 	1609 	1611
f 1614 	1394 	1613
f 1615 	1394 	1614
f 1616 	1394 	1615
f 1617 	1394 	1616
f 1618 	1394 	1617
f 1400 	1394 	1618
f 1612 	1613 	1394
f 318 	1604 	1394
f 318 	1394 	220
f 318 	319 	1604
f 1606 	1604 	319
f 319 	320 	1606
f 320 	321 	1607
f 320 	1607 	1606
f 321 	473 	1608
f 321 	1608 	1607
f 473 	474 	1609
f 473 	1609 	1608
f 474 	475 	1610
f 474 	1610 	1609
f 475 	477 	1611
f 475 	1611 	1610
f 477 	478 	1605
f 477 	1605 	1611
f 1612 	1605 	479
f 478 	479 	1605
f 479 	480 	1612
f 480 	481 	1613
f 480 	1613 	1612
f 481 	490 	1614
f 481 	1614 	1613
f 490 	496 	1615
f 490 	1615 	1614
f 496 	499 	1616
f 496 	1616 	1615
f 499 	504 	1617
f 499 	1617 	1616
f 504 	505 	1618
f 504 	1618 	1617
f 505 	217 	1400
f 505 	1400 	1618
f 1689 	1697 	1298
f 1689 	1298 	1690
f 1689 	1690 	1691
f 1689 	1691 	1692
f 1689 	1692 	1693
f 1689 	1693 	1694
f 1695 	1696 	1694
f 1689 	1694 	1696
f 1699 	1298 	1698
f 1700 	1298 	1699
f 1701 	1298 	1700
f 1702 	1298 	1701
f 1703 	1298 	1702
f 1303 	1298 	1703
f 1697 	1698 	1298
f 1298 	1320 	1704
f 1298 	1704 	1690
f 1704 	1705 	1691
f 1704 	1691 	1690
f 1705 	1706 	1692
f 1705 	1692 	1691
f 1706 	1707 	1693
f 1706 	1693 	1692
f 1707 	1708 	1694
f 1707 	1694 	1693
f 1708 	1709 	1695
f 1708 	1695 	1694
f 1709 	1710 	1696
f 1709 	1696 	1695
f 1710 	1712 	1689
f 1710 	1689 	1696
f 1697 	1689 	1713
f 1712 	1713 	1689
f 1713 	1714 	1697
f 1714 	1715 	1698
f 1714 	1698 	1697
f 1715 	1716 	1699
f 1715 	1699 	1698
f 1716 	1718 	1700
f 1716 	1700 	1699
f 1718 	1719 	1701
f 1718 	1701 	1700
f 1719 	1720 	1702
f 1719 	1702 	1701
f 1720 	1721 	1703
f 1720 	1703 	1702
f 1721 	1321 	1303
f 1721 	1303 	1703
f 2204 	2209 	2203
f 2202 	2203 	2209
f 2205 	2217 	2204
f 2206 	2217 	2205
f 2207 	2217 	2206
f 2208 	2217 	2207
f 2201 	2202 	2209
f 2201 	2209 	2210
f 2201 	2210 	2211
f 2201 	2211 	2212
f 2201 	2212 	2213
f 2214 	2215 	2213
f 2201 	2213 	2215
f 2209 	2204 	2217
f 2216 	2217 	2208
f 2216 	2208 	2218
f 2226 	2227 	2229
f 2225 	2226 	2229
f 2227 	2228 	2229
f 2208 	2229 	2228
f 2218 	2208 	2228
f 2224 	2225 	2229
f 2223 	2224 	2229
f 2223 	2229 	2230
f 2223 	2230 	2231
f 2223 	2231 	2232
f 2223 	2232 	2233
f 2223 	2233 	2234
f 2235 	2236 	2234
f 2223 	2234 	2236
f 2028 	2027 	2209
f 2027 	2029 	2210
f 2027 	2210 	2209
f 2029 	2030 	2211
f 2029 	2211 	2210
f 2030 	2031 	2212
f 2030 	2212 	2211
f 2031 	2032 	2213
f 2031 	2213 	2212
f 2032 	2033 	2214
f 2032 	2214 	2213
f 2033 	2034 	2215
f 2033 	2215 	2214
f 2034 	2026 	2201
f 2034 	2201 	2215
f 2026 	2035 	2202
f 2026 	2202 	2201
f 2035 	2036 	2203
f 2035 	2203 	2202
f 2036 	2038 	2204
f 2036 	2204 	2203
f 2038 	2039 	2205
f 2038 	2205 	2204
f 2039 	2040 	2206
f 2039 	2206 	2205
f 2040 	2041 	2207
f 2040 	2207 	2206
f 2041 	2042 	2208
f 2041 	2208 	2207
f 2042 	2043 	2208
f 2217 	1976 	2028
f 2217 	2028 	2209
f 2045 	2044 	2218
f 2044 	2046 	2216
f 2044 	2216 	2218
f 2046 	1976 	2217
f 2046 	2217 	2216
f 2043 	1970 	2229
f 2043 	2229 	2208
f 2229 	1970 	2047
f 2229 	2047 	2230
f 2047 	2048 	2231
f 2047 	2231 	2230
f 2048 	2049 	2232
f 2048 	2232 	2231
f 2049 	2050 	2233
f 2049 	2233 	2232
f 2051 	2234 	2233
f 2051 	2233 	2050
f 2052 	2235 	2234
f 2052 	2234 	2051
f 2053 	2236 	2235
f 2053 	2235 	2052
f 1960 	2223 	2236
f 1960 	2236 	2053
f 2054 	2224 	2223
f 2054 	2223 	1960
f 2055 	2225 	2224
f 2055 	2224 	2054
f 2056 	2226 	2225
f 2056 	2225 	2055
f 2057 	2227 	2226
f 2057 	2226 	2056
f 2058 	2228 	2227
f 2058 	2227 	2057
f 2058 	2045 	2228
f 2218 	2228 	2045
# 388 faces

g group_0_-16746839

usemtl color_-16746839
s 0

f 485 	491 	484
f 483 	484 	491
f 486 	501 	485
f 487 	501 	486
f 488 	501 	487
f 489 	501 	488
f 482 	483 	491
f 482 	491 	492
f 482 	492 	493
f 482 	493 	494
f 482 	494 	495
f 497 	498 	495
f 482 	495 	498
f 491 	485 	501
f 489 	516 	501
f 500 	501 	516
f 500 	516 	502
f 512 	516 	511
f 510 	511 	516
f 513 	516 	512
f 514 	516 	513
f 502 	516 	514
f 509 	510 	516
f 509 	516 	517
f 509 	517 	518
f 509 	518 	519
f 509 	519 	520
f 509 	520 	522
f 523 	525 	522
f 509 	522 	525
f 187 	186 	491
f 186 	188 	492
f 186 	492 	491
f 188 	189 	493
f 188 	493 	492
f 189 	190 	494
f 189 	494 	493
f 190 	191 	495
f 190 	495 	494
f 191 	192 	497
f 191 	497 	495
f 192 	193 	498
f 192 	498 	497
f 193 	185 	482
f 193 	482 	498
f 185 	194 	483
f 185 	483 	482
f 194 	195 	484
f 194 	484 	483
f 195 	196 	485
f 195 	485 	484
f 196 	197 	486
f 196 	486 	485
f 197 	198 	487
f 197 	487 	486
f 198 	199 	488
f 198 	488 	487
f 199 	200 	489
f 199 	489 	488
f 200 	201 	489
f 501 	172 	187
f 501 	187 	491
f 203 	202 	502
f 203 	502 	514
f 202 	204 	500
f 202 	500 	502
f 204 	172 	501
f 204 	501 	500
f 201 	167 	516
f 201 	516 	489
f 516 	167 	205
f 516 	205 	517
f 205 	206 	518
f 205 	518 	517
f 206 	207 	519
f 206 	519 	518
f 207 	208 	520
f 207 	520 	519
f 209 	522 	520
f 209 	520 	208
f 210 	523 	522
f 210 	522 	209
f 211 	525 	523
f 211 	523 	210
f 170 	509 	525
f 170 	525 	211
f 212 	510 	509
f 212 	509 	170
f 213 	511 	510
f 213 	510 	212
f 214 	512 	511
f 214 	511 	213
f 215 	513 	512
f 215 	512 	214
f 216 	514 	513
f 216 	513 	215
f 514 	216 	203
f 1335 	1336 	1339
f 1334 	1339 	1333
f 1333 	1339 	1336
f 1338 	1339 	1337
f 1338 	1335 	1339
f 1337 	1339 	1340
f 1337 	1340 	1341
f 1337 	1341 	1342
f 1337 	1342 	1343
f 1337 	1343 	1344
f 1337 	1344 	1346
f 1345 	1346 	1344
f 1347 	1348 	1344
f 1349 	1344 	1348
f 1345 	1344 	1349
f 1350 	1351 	1335
f 1350 	1335 	1338
f 1351 	1352 	1336
f 1351 	1336 	1335
f 1352 	1353 	1333
f 1352 	1333 	1336
f 1353 	1354 	1334
f 1353 	1334 	1333
f 1339 	1355 	1356
f 1339 	1356 	1340
f 1356 	1357 	1341
f 1356 	1341 	1340
f 1357 	1358 	1342
f 1357 	1342 	1341
f 1358 	1359 	1343
f 1358 	1343 	1342
f 1360 	1344 	1343
f 1360 	1343 	1359
f 1344 	1360 	1361
f 1362 	1337 	1363
f 1364 	1338 	1337
f 1364 	1337 	1362
f 1338 	1364 	1350
f 1361 	1365 	1347
f 1361 	1347 	1344
f 1365 	1367 	1348
f 1365 	1348 	1347
f 1367 	1368 	1349
f 1367 	1349 	1348
f 1349 	1368 	1369
f 1349 	1369 	1345
f 1370 	1346 	1345
f 1370 	1345 	1369
f 1370 	1363 	1346
f 1337 	1346 	1363
f 1414 	1415 	1421
f 1412 	1420 	1411
f 1420 	1421 	1415
f 1415 	1416 	1420
f 1411 	1420 	1416
f 1418 	1419 	1412
f 1420 	1412 	1419
f 1423 	1428 	1422
f 1424 	1425 	1422
f 1413 	1414 	1421
f 1421 	1422 	1413
f 1426 	1427 	1423
f 1425 	1413 	1422
f 1428 	1423 	1427
f 1424 	1422 	1428
f 257 	256 	1413
f 256 	258 	1414
f 256 	1414 	1413
f 258 	259 	1415
f 258 	1415 	1414
f 259 	260 	1416
f 259 	1416 	1415
f 260 	261 	1411
f 260 	1411 	1416
f 261 	218 	1412
f 261 	1412 	1411
f 1418 	164 	262
f 1418 	262 	1419
f 262 	263 	1420
f 262 	1420 	1419
f 263 	264 	1421
f 263 	1421 	1420
f 264 	265 	1422
f 264 	1422 	1421
f 266 	1423 	1422
f 266 	1422 	265
f 1423 	266 	267
f 267 	268 	1426
f 267 	1426 	1423
f 268 	269 	1427
f 268 	1427 	1426
f 269 	168 	1428
f 269 	1428 	1427
f 1428 	168 	270
f 1428 	270 	1424
f 271 	1425 	1424
f 271 	1424 	270
f 271 	257 	1425
f 1413 	1425 	257
f 1637 	1645 	1412
f 1637 	1412 	1638
f 1637 	1638 	1639
f 1637 	1639 	1640
f 1637 	1640 	1641
f 1637 	1641 	1642
f 1643 	1644 	1642
f 1637 	1642 	1644
f 1647 	1412 	1646
f 1648 	1412 	1647
f 1649 	1412 	1648
f 1650 	1412 	1649
f 1651 	1412 	1650
f 1418 	1412 	1651
f 1645 	1646 	1412
f 1412 	218 	507
f 1412 	507 	1638
f 507 	515 	1639
f 507 	1639 	1638
f 515 	521 	1640
f 515 	1640 	1639
f 521 	526 	1641
f 521 	1641 	1640
f 526 	527 	1642
f 526 	1642 	1641
f 527 	528 	1643
f 527 	1643 	1642
f 528 	529 	1644
f 528 	1644 	1643
f 529 	530 	1637
f 529 	1637 	1644
f 1645 	1637 	531
f 530 	531 	1637
f 531 	533 	1645
f 533 	534 	1646
f 533 	1646 	1645
f 534 	535 	1647
f 534 	1647 	1646
f 535 	536 	1648
f 535 	1648 	1647
f 536 	537 	1649
f 536 	1649 	1648
f 537 	539 	1650
f 537 	1650 	1649
f 539 	540 	1651
f 539 	1651 	1650
f 540 	164 	1418
f 540 	1418 	1651
f 1733 	1339 	1723
f 1729 	1730 	1724
f 1727 	1729 	1724
f 1730 	1731 	1724
f 1723 	1724 	1731
f 1732 	1723 	1731
f 1733 	1723 	1732
f 1726 	1727 	1724
f 1737 	1725 	1735
f 1734 	1735 	1725
f 1724 	1734 	1725
f 1736 	1737 	1735
f 1725 	1726 	1724
f 1334 	1722 	1339
f 1722 	1723 	1339
f 1334 	1354 	1738
f 1334 	1738 	1722
f 1739 	1723 	1722
f 1739 	1722 	1738
f 1740 	1724 	1723
f 1740 	1723 	1739
f 1724 	1740 	1742
f 1742 	1743 	1734
f 1742 	1734 	1724
f 1743 	1744 	1735
f 1743 	1735 	1734
f 1744 	1745 	1736
f 1744 	1736 	1735
f 1745 	1746 	1737
f 1745 	1737 	1736
f 1746 	1747 	1725
f 1746 	1725 	1737
f 1747 	1748 	1726
f 1747 	1726 	1725
f 1748 	1749 	1727
f 1748 	1727 	1726
f 1749 	1750 	1729
f 1749 	1729 	1727
f 1750 	1751 	1730
f 1750 	1730 	1729
f 1751 	1752 	1731
f 1751 	1731 	1730
f 1752 	1754 	1732
f 1752 	1732 	1731
f 1754 	1755 	1733
f 1754 	1733 	1732
f 1755 	1756 	1733
f 1756 	1355 	1339
f 1756 	1339 	1733
f 2296 	2301 	2295
f 2294 	2295 	2301
f 2297 	2310 	2296
f 2298 	2310 	2297
f 2299 	2310 	2298
f 2300 	2310 	2299
f 2293 	2294 	2301
f 2293 	2301 	2302
f 2293 	2302 	2303
f 2293 	2303 	2304
f 2293 	2304 	2305
f 2306 	2307 	2305
f 2293 	2305 	2307
f 2301 	2296 	2310
f 2300 	2321 	2310
f 2309 	2310 	2321
f 2312 	2313 	2321
f 2313 	2314 	2321
f 2314 	2315 	2321
f 2315 	2316 	2321
f 2316 	2317 	2321
f 2317 	2318 	2321
f 2309 	2321 	2318
f 2311 	2312 	2321
f 2319 	2311 	2321
f 2322 	2326 	2321
f 2323 	2326 	2322
f 2324 	2326 	2323
f 2325 	2326 	2324
f 2319 	2321 	2326
f 2061 	2060 	2301
f 2060 	2062 	2302
f 2060 	2302 	2301
f 2062 	2063 	2303
f 2062 	2303 	2302
f 2063 	2064 	2304
f 2063 	2304 	2303
f 2064 	2065 	2305
f 2064 	2305 	2304
f 2065 	2066 	2306
f 2065 	2306 	2305
f 2066 	2067 	2307
f 2066 	2307 	2306
f 2067 	2059 	2293
f 2067 	2293 	2307
f 2059 	2069 	2294
f 2059 	2294 	2293
f 2069 	2070 	2295
f 2069 	2295 	2294
f 2070 	2071 	2296
f 2070 	2296 	2295
f 2071 	2072 	2297
f 2071 	2297 	2296
f 2072 	2073 	2298
f 2072 	2298 	2297
f 2073 	2075 	2299
f 2073 	2299 	2298
f 2075 	2076 	2300
f 2075 	2300 	2299
f 2076 	2077 	2300
f 2310 	1971 	2061
f 2310 	2061 	2301
f 2079 	2078 	2311
f 2078 	1961 	2312
f 2078 	2312 	2311
f 2312 	1961 	2081
f 2312 	2081 	2313
f 2081 	2082 	2314
f 2081 	2314 	2313
f 2082 	2083 	2315
f 2082 	2315 	2314
f 2083 	2084 	2316
f 2083 	2316 	2315
f 2084 	2085 	2317
f 2084 	2317 	2316
f 2085 	2086 	2318
f 2085 	2318 	2317
f 2086 	2087 	2309
f 2086 	2309 	2318
f 2087 	1971 	2310
f 2087 	2310 	2309
f 2077 	1966 	2321
f 2077 	2321 	2300
f 2321 	1966 	2089
f 2321 	2089 	2322
f 2089 	2090 	2323
f 2089 	2323 	2322
f 2090 	2091 	2324
f 2090 	2324 	2323
f 2091 	2093 	2325
f 2091 	2325 	2324
f 2094 	2326 	2325
f 2094 	2325 	2093
f 2095 	2319 	2326
f 2095 	2326 	2094
f 2095 	2079 	2319
f 2311 	2319 	2079
# 390 faces

g group_0_-328966

usemtl color_-328966
s 0

f 630 	337 	1831
f 629 	630 	624
f 636 	628 	1837
f 657 	648 	1835
f 624 	1837 	628
f 647 	1836 	648
f 1835 	648 	1836
f 657 	1835 	658
f 664 	658 	1835
f 664 	1835 	1834
f 668 	1830 	670
f 669 	1834 	668
f 726 	727 	725
f 724 	725 	727
f 728 	729 	727
f 731 	727 	729
f 724 	727 	731
f 733 	771 	732
f 732 	734 	727
f 726 	735 	727
f 735 	736 	727
f 736 	737 	727
f 738 	727 	737
f 732 	727 	738
f 733 	748 	749
f 733 	749 	750
f 733 	750 	751
f 733 	751 	752
f 733 	752 	754
f 733 	754 	756
f 733 	756 	757
f 733 	757 	758
f 733 	758 	759
f 733 	759 	760
f 766 	732 	765
f 734 	732 	766
f 764 	765 	732
f 760 	767 	733
f 767 	769 	733
f 769 	770 	733
f 771 	733 	770
f 764 	732 	771
f 731 	772 	773
f 731 	773 	724
f 776 	725 	724
f 776 	724 	773
f 777 	726 	725
f 777 	725 	776
f 726 	777 	779
f 780 	781 	727
f 781 	783 	728
f 781 	728 	727
f 783 	784 	729
f 783 	729 	728
f 784 	772 	731
f 784 	731 	729
f 779 	786 	735
f 779 	735 	726
f 786 	787 	736
f 786 	736 	735
f 787 	788 	737
f 787 	737 	736
f 788 	789 	738
f 788 	738 	737
f 789 	790 	732
f 789 	732 	738
f 790 	791 	733
f 790 	733 	732
f 791 	792 	733
f 793 	734 	794
f 793 	780 	734
f 727 	734 	780
f 792 	796 	748
f 792 	748 	733
f 796 	797 	749
f 796 	749 	748
f 797 	798 	750
f 797 	750 	749
f 798 	799 	751
f 798 	751 	750
f 799 	800 	752
f 799 	752 	751
f 800 	801 	754
f 800 	754 	752
f 801 	802 	756
f 801 	756 	754
f 756 	802 	804
f 756 	804 	757
f 804 	805 	758
f 804 	758 	757
f 805 	807 	759
f 805 	759 	758
f 807 	809 	760
f 807 	760 	759
f 760 	809 	810
f 810 	811 	767
f 810 	767 	760
f 811 	812 	769
f 811 	769 	767
f 812 	813 	770
f 812 	770 	769
f 813 	814 	771
f 813 	771 	770
f 771 	814 	815
f 771 	815 	764
f 816 	765 	764
f 816 	764 	815
f 817 	766 	765
f 817 	765 	816
f 817 	794 	766
f 734 	766 	794
f 1806 	1833 	1807
f 1806 	1807 	1808
f 1806 	1808 	1809
f 1806 	1809 	1810
f 1806 	1810 	1811
f 1806 	1811 	1812
f 1806 	1812 	1813
f 1806 	1813 	1814
f 1806 	1814 	1815
f 1806 	1815 	1816
f 1817 	1818 	1816
f 1806 	1816 	1818
f 1820 	1821 	1819
f 1806 	1819 	1821
f 1806 	1821 	1822
f 1806 	1822 	1823
f 1806 	1823 	1824
f 1806 	1824 	1825
f 1806 	1825 	1826
f 1806 	1826 	1827
f 1806 	1827 	1828
f 1806 	1828 	1829
f 1806 	1829 	1830
f 1830 	1834 	1806
f 1833 	1806 	1832
f 1831 	1832 	1806
f 1834 	1835 	1806
f 1835 	1836 	1806
f 1837 	1806 	1836
f 1831 	1806 	1837
f 669 	664 	1834
f 647 	636 	1836
f 1836 	636 	1837
f 1813 	632 	631
f 1813 	1812 	632
f 634 	632 	1812
f 640 	1817 	641
f 1816 	639 	1817
f 637 	639 	1816
f 641 	1817 	639
f 649 	644 	1814
f 1814 	644 	1815
f 645 	1815 	643
f 643 	1815 	644
f 1816 	1815 	646
f 638 	1816 	646
f 645 	646 	1815
f 637 	1816 	638
f 650 	1814 	633
f 1813 	633 	1814
f 631 	633 	1813
f 649 	1814 	650
f 640 	642 	1817
f 1818 	1817 	651
f 642 	651 	1817
f 652 	1818 	651
f 1806 	1818 	654
f 627 	1806 	654
f 652 	653 	1818
f 653 	654 	1818
f 627 	655 	1806
f 634 	1812 	635
f 659 	635 	1812
f 626 	660 	1811
f 1811 	660 	1812
f 659 	1812 	660
f 1810 	661 	1811
f 626 	1811 	661
f 662 	661 	1810
f 1809 	663 	1810
f 662 	1810 	663
f 1809 	665 	663
f 1808 	666 	1809
f 667 	666 	1808
f 665 	1809 	666
f 671 	667 	1808
f 1808 	1807 	672
f 671 	1808 	672
f 675 	674 	1807
f 674 	672 	1807
f 675 	1807 	676
f 655 	656 	1806
f 1819 	656 	684
f 684 	687 	696
f 1819 	1806 	656
f 1819 	696 	1820
f 684 	696 	1819
f 701 	696 	687
f 695 	1820 	696
f 1821 	1820 	709
f 698 	709 	1820
f 695 	698 	1820
f 722 	1821 	709
f 722 	723 	1821
f 1821 	723 	1822
f 730 	1822 	723
f 912 	1822 	730
f 912 	913 	1822
f 918 	1823 	916
f 1823 	1822 	913
f 1823 	913 	916
f 919 	1824 	918
f 1072 	1824 	919
f 1823 	918 	1824
f 1825 	1824 	1074
f 1072 	1074 	1824
f 1826 	1825 	1076
f 1074 	1076 	1825
f 623 	1826 	1076
f 1078 	1827 	1077
f 1826 	1077 	1827
f 1090 	1827 	1079
f 1077 	1826 	623
f 673 	670 	1830
f 1093 	1829 	1083
f 1087 	1828 	1088
f 1827 	1088 	1828
f 1078 	1079 	1827
f 1088 	1827 	1090
f 1087 	1084 	1828
f 1828 	1083 	1829
f 1084 	1083 	1828
f 1093 	1092 	1829
f 1830 	668 	1834
f 1097 	1080 	1830
f 1080 	673 	1830
f 1097 	1830 	1098
f 1091 	1098 	1830
f 1092 	1091 	1829
f 1830 	1829 	1091
f 1833 	1100 	1807
f 1104 	1100 	1833
f 676 	1807 	1100
f 1832 	1107 	1833
f 1104 	1833 	1105
f 1832 	1110 	1107
f 1105 	1833 	1107
f 624 	630 	1837
f 1831 	615 	1832
f 336 	615 	1831
f 1831 	1837 	630
f 1110 	1832 	1111
f 1111 	1832 	615
f 336 	1831 	337
# 255 faces

g group_0_-13947343

usemtl color_-13947343
s 0

f 680 	688 	679
f 678 	679 	882
f 683 	691 	682
f 685 	691 	683
f 691 	690 	682
f 686 	693 	685
f 688 	693 	686
f 689 	679 	688
f 691 	685 	692
f 692 	685 	693
f 681 	682 	1774
f 694 	681 	1774
f 1774 	682 	690
f 677 	697 	699
f 699 	700 	678
f 699 	678 	677
f 700 	702 	679
f 700 	679 	678
f 702 	703 	680
f 702 	680 	679
f 703 	704 	680
f 704 	705 	693
f 704 	693 	680
f 692 	706 	707
f 692 	693 	706
f 705 	706 	693
f 691 	708 	625
f 691 	692 	708
f 707 	708 	692
f 711 	690 	710
f 691 	710 	690
f 691 	625 	710
f 711 	712 	690
f 682 	681 	713
f 682 	713 	714
f 683 	682 	714
f 683 	714 	715
f 685 	683 	715
f 685 	715 	716
f 686 	685 	716
f 686 	716 	717
f 688 	686 	717
f 688 	717 	718
f 689 	688 	718
f 689 	718 	719
f 720 	689 	719
f 1774 	690 	558
f 712 	558 	690
f 694 	566 	721
f 721 	713 	694
f 681 	694 	713
f 820 	876 	819
f 822 	825 	821
f 819 	876 	822
f 825 	822 	824
f 827 	828 	834
f 833 	834 	828
f 829 	832 	828
f 827 	834 	825
f 831 	1762 	830
f 830 	832 	829
f 821 	825 	834
f 833 	828 	832
f 836 	1762 	831
f 1757 	1766 	836
f 1762 	835 	830
f 832 	830 	835
f 837 	838 	822
f 837 	822 	821
f 838 	839 	819
f 838 	819 	822
f 839 	840 	820
f 839 	820 	819
f 840 	844 	820
f 846 	847 	835
f 847 	851 	832
f 847 	832 	835
f 852 	833 	832
f 852 	832 	851
f 854 	834 	833
f 854 	833 	852
f 854 	837 	834
f 821 	834 	837
f 824 	856 	857
f 824 	857 	859
f 824 	859 	825
f 825 	859 	861
f 825 	861 	827
f 827 	861 	862
f 827 	862 	828
f 828 	862 	863
f 828 	863 	829
f 829 	863 	865
f 829 	865 	830
f 830 	865 	867
f 830 	867 	831
f 831 	867 	868
f 869 	846 	835
f 1762 	550 	835
f 869 	835 	550
f 868 	871 	836
f 868 	836 	831
f 836 	871 	555
f 836 	555 	1757
f 876 	820 	875
f 824 	822 	876
f 874 	878 	820
f 874 	880 	878
f 875 	820 	878
f 879 	877 	880
f 882 	883 	677
f 677 	678 	882
f 881 	677 	879
f 877 	878 	880
f 882 	679 	689
f 883 	879 	677
f 880 	881 	879
f 693 	688 	680
f 884 	874 	844
f 820 	844 	874
f 884 	885 	874
f 875 	878 	887
f 875 	887 	888
f 876 	875 	888
f 876 	888 	889
f 856 	824 	876
f 856 	876 	889
f 880 	890 	891
f 880 	891 	881
f 677 	881 	697
f 891 	697 	881
f 885 	890 	880
f 885 	880 	874
f 878 	877 	892
f 878 	892 	893
f 893 	886 	878
f 886 	887 	878
f 879 	883 	894
f 879 	894 	895
f 892 	877 	879
f 892 	879 	895
f 882 	689 	720
f 882 	720 	896
f 883 	882 	896
f 883 	896 	897
f 883 	897 	894
f 1045 	1046 	1049
f 1047 	1051 	1046
f 1047 	1048 	1050
f 1050 	1048 	1045
f 1050 	1045 	1049
f 1049 	1046 	1052
f 1052 	1046 	1051
f 1051 	1047 	1050
f 1049 	1060 	1050
f 1060 	1049 	1059
f 1051 	1050 	1061
f 1060 	1061 	1050
f 1062 	1052 	1061
f 1051 	1061 	1052
f 1052 	1062 	1049
f 1059 	1049 	1062
f 1045 	1064 	1046
f 1063 	1046 	1064
f 1046 	1063 	1066
f 1046 	1066 	1047
f 1047 	1066 	1067
f 1047 	1067 	1048
f 1048 	1067 	1064
f 1048 	1064 	1045
f 1063 	1064 	1067
f 1063 	1067 	1066
f 1480 	1530 	1070
f 1068 	1506 	1069
f 1177 	1185 	1180
f 1183 	1190 	1181
f 1184 	1178 	1183
f 1185 	1178 	1184
f 1186 	1220 	1187
f 1188 	1180 	1185
f 1189 	1180 	1188
f 1187 	1220 	1190
f 1190 	1183 	1192
f 1191 	1193 	1785
f 1192 	1183 	1178
f 1792 	1793 	1787
f 1791 	1792 	1787
f 1178 	1185 	1177
f 1189 	1191 	1785
f 1794 	1785 	1193
f 1194 	1195 	1179
f 1195 	612 	1180
f 1195 	1180 	1179
f 612 	1196 	1177
f 612 	1177 	1180
f 1197 	1178 	1177
f 1197 	1177 	1196
f 1178 	1197 	1198
f 1192 	1199 	1200
f 1198 	1199 	1192
f 1198 	1192 	1178
f 1190 	1201 	1202
f 1190 	1192 	1201
f 1200 	1201 	1192
f 1187 	1203 	1204
f 1187 	1190 	1203
f 1202 	1203 	1190
f 1187 	1205 	1186
f 1204 	1205 	1187
f 1205 	1206 	1186
f 1181 	1207 	1208
f 1181 	1208 	1209
f 1181 	1209 	1183
f 1183 	1209 	1210
f 1183 	1210 	1184
f 1184 	1210 	1211
f 1184 	1211 	1185
f 1185 	1211 	1213
f 1185 	1213 	1188
f 1188 	1213 	1214
f 1188 	1214 	1189
f 1189 	1214 	1215
f 1189 	1215 	1191
f 1191 	1215 	1217
f 1179 	577 	1194
f 1217 	1218 	1193
f 1217 	1193 	1191
f 1193 	1218 	588
f 1193 	588 	1786
f 1181 	1190 	1220
f 1221 	1223 	1186
f 1227 	1430 	1225
f 1226 	1227 	1225
f 1226 	1225 	1222
f 1226 	1222 	1223
f 1223 	1221 	1226
f 1219 	1186 	1223
f 1220 	1186 	1219
f 1229 	1225 	1430
f 1232 	1221 	1231
f 1186 	1206 	1221
f 1231 	1221 	1206
f 1226 	1221 	1233
f 1232 	1233 	1221
f 1219 	1234 	1235
f 1220 	1219 	1235
f 1220 	1235 	1237
f 1207 	1181 	1220
f 1207 	1220 	1237
f 1226 	1238 	1239
f 1226 	1239 	1227
f 1239 	273 	1227
f 1233 	1238 	1226
f 1223 	1222 	1240
f 1223 	1240 	1241
f 1223 	1241 	1242
f 1225 	1229 	1243
f 1225 	1243 	1244
f 1240 	1222 	1225
f 1240 	1225 	1244
f 1219 	1223 	1242
f 1219 	1242 	1234
f 1228 	274 	1245
f 1229 	1228 	1245
f 1229 	1245 	1246
f 1229 	1246 	1243
f 1430 	1441 	1228
f 1441 	1442 	1228
f 1228 	1229 	1430
f 1439 	1446 	1433
f 1443 	1444 	1436
f 1435 	1436 	1444
f 1445 	1434 	1444
f 1446 	1434 	1445
f 1442 	1443 	1436
f 1447 	1433 	1446
f 1439 	1434 	1446
f 1435 	1444 	1434
f 1436 	1437 	1442
f 1437 	1228 	1442
f 1449 	1452 	1448
f 1432 	1455 	1449
f 1433 	1455 	1432
f 1452 	1449 	1451
f 1454 	1799 	1452
f 1447 	1455 	1433
f 1451 	1449 	1455
f 272 	1430 	273
f 1227 	273 	1430
f 272 	285 	1430
f 1432 	283 	282
f 1433 	1432 	282
f 1433 	282 	281
f 1433 	281 	280
f 1434 	279 	278
f 1435 	1434 	278
f 1435 	278 	277
f 1436 	1435 	277
f 1436 	277 	276
f 1437 	1436 	276
f 1437 	276 	275
f 274 	1228 	1437
f 274 	1437 	275
f 285 	1441 	1430
f 285 	286 	1442
f 285 	1442 	1441
f 286 	287 	1443
f 286 	1443 	1442
f 287 	288 	1444
f 287 	1444 	1443
f 288 	289 	1445
f 288 	1445 	1444
f 289 	162 	1446
f 289 	1446 	1445
f 1446 	162 	290
f 1446 	290 	1447
f 290 	291 	1447
f 1439 	1433 	280
f 1439 	280 	292
f 292 	279 	1439
f 1434 	1439 	279
f 1454 	294 	1450
f 293 	1450 	294
f 295 	1450 	293
f 1448 	298 	297
f 1449 	1448 	297
f 1449 	297 	296
f 296 	283 	1449
f 1432 	1449 	283
f 291 	299 	1455
f 291 	1455 	1447
f 299 	300 	1451
f 299 	1451 	1455
f 300 	301 	1452
f 300 	1452 	1451
f 1529 	1530 	1480
f 1526 	1480 	1525
f 1529 	1480 	1071
f 1489 	1490 	1482
f 1490 	1481 	1482
f 1481 	1491 	1480
f 1491 	1523 	1480
f 1511 	1069 	1510
f 1483 	1484 	1482
f 1069 	1513 	1482
f 1484 	1485 	1482
f 1485 	1486 	1482
f 1486 	1487 	1482
f 1487 	1488 	1482
f 1482 	1488 	1489
f 1480 	1482 	1481
f 1483 	1482 	1492
f 1492 	1482 	1513
f 1069 	1070 	1068
f 1507 	1508 	1069
f 1506 	1507 	1069
f 1508 	1510 	1069
f 1069 	1511 	1513
f 1524 	1525 	1480
f 1523 	1524 	1480
f 1480 	1526 	1527
f 1527 	1528 	1480
f 1071 	1480 	1528
f 1531 	1070 	1530
f 1533 	1534 	1070
f 1533 	1070 	1531
f 1534 	1536 	1070
f 1536 	1504 	1070
f 1504 	1068 	1070
f 1553 	1554 	1013
f 1012 	1013 	1061
f 1014 	1012 	1552
f 1555 	1552 	1012
f 1552 	1553 	1018
f 1552 	1018 	1014
f 1018 	1553 	1013
f 1021 	1037 	1025
f 1032 	1025 	1037
f 1029 	1032 	1037
f 1020 	1037 	1021
f 1030 	1029 	1037
f 1020 	1039 	1037
f 1060 	1059 	1555
f 1554 	1555 	1059
f 1555 	1012 	1061
f 1060 	1555 	1061
f 1061 	1013 	1062
f 302 	1454 	1452
f 302 	1452 	301
f 1062 	1013 	1554
f 1059 	1062 	1554
f 1454 	302 	294
f 1760 	1767 	1764
f 1765 	1766 	1759
f 1762 	836 	1761
f 1764 	1765 	1759
f 1757 	1759 	1766
f 1761 	836 	1766
f 1768 	1773 	1767
f 1763 	1764 	1767
f 1770 	1778 	1769
f 1759 	1760 	1764
f 1777 	1778 	1771
f 1769 	1773 	1768
f 1772 	694 	1776
f 1763 	1767 	1773
f 1773 	1769 	1779
f 1774 	1775 	694
f 1775 	1776 	694
f 1771 	1772 	1776
f 1776 	1777 	1771
f 1770 	1771 	1778
f 1779 	1769 	1778
f 543 	542 	1763
f 542 	544 	1764
f 542 	1764 	1763
f 544 	545 	1765
f 544 	1765 	1764
f 545 	546 	1766
f 545 	1766 	1765
f 546 	548 	1761
f 546 	1761 	1766
f 548 	549 	1762
f 548 	1762 	1761
f 550 	1762 	549
f 1757 	555 	554
f 1757 	554 	553
f 1757 	553 	1759
f 1759 	553 	552
f 1759 	552 	1760
f 1760 	552 	551
f 1774 	558 	557
f 557 	559 	1775
f 557 	1775 	1774
f 559 	560 	1776
f 559 	1776 	1775
f 561 	1777 	1776
f 561 	1776 	560
f 562 	1778 	1777
f 562 	1777 	561
f 563 	1779 	1778
f 563 	1778 	562
f 1779 	564 	1773
f 221 	1773 	564
f 564 	1779 	563
f 221 	543 	1773
f 1763 	1773 	543
f 551 	572 	1767
f 551 	1767 	1760
f 1767 	572 	571
f 1767 	571 	1768
f 1768 	571 	570
f 1768 	570 	1769
f 1769 	570 	569
f 1769 	569 	1770
f 1770 	569 	568
f 1770 	568 	1771
f 1771 	568 	567
f 1771 	567 	1772
f 566 	694 	1772
f 566 	1772 	567
f 1179 	1180 	1189
f 1800 	1790 	1795
f 1795 	1796 	1800
f 1786 	1787 	1793
f 1193 	1786 	1793
f 1794 	1193 	1793
f 1785 	1179 	1189
f 1787 	1788 	1791
f 1801 	1800 	1797
f 1796 	1797 	1800
f 1797 	1798 	1450
f 1798 	1799 	1450
f 1454 	1450 	1799
f 1450 	1801 	1797
f 1790 	1791 	1795
f 1448 	1452 	1799
f 1788 	1795 	1791
f 575 	574 	1785
f 577 	1179 	1785
f 577 	1785 	574
f 578 	1790 	579
f 580 	1791 	1790
f 580 	1790 	578
f 581 	1792 	1791
f 581 	1791 	580
f 582 	1793 	1792
f 582 	1792 	581
f 583 	1794 	1793
f 583 	1793 	582
f 583 	575 	1794
f 1785 	1794 	575
f 1786 	588 	587
f 1786 	587 	586
f 1786 	586 	1787
f 1787 	586 	585
f 1787 	585 	1788
f 1788 	585 	584
f 1450 	295 	1801
f 589 	1801 	295
f 1801 	602 	1800
f 165 	1800 	602
f 602 	1801 	589
f 1790 	1800 	603
f 1790 	603 	579
f 603 	1800 	165
f 584 	608 	1795
f 584 	1795 	1788
f 1795 	608 	607
f 1795 	607 	1796
f 1796 	607 	606
f 1796 	606 	1797
f 1797 	606 	605
f 1797 	605 	1798
f 1798 	605 	604
f 1798 	604 	1799
f 1799 	604 	298
f 1799 	298 	1448
f 1070 	1571 	1480
f 1845 	1571 	1070
f 1845 	1070 	1069
f 1851 	1850 	1068
f 1068 	1852 	1851
f 1571 	1865 	1480
f 1071 	1869 	1867
f 1071 	1867 	1529
f 1071 	1870 	1869
f 1480 	1865 	1482
f 1874 	1482 	1865
f 1481 	1876 	1875
f 1481 	1877 	1876
f 1482 	1874 	1069
f 1845 	1069 	1874
f 1483 	1883 	1882
f 1483 	1882 	1881
f 1483 	1881 	1484
f 1484 	1886 	1885
f 1484 	1885 	1485
f 1484 	1881 	1886
f 1485 	1890 	1889
f 1485 	1889 	1486
f 1485 	1885 	1890
f 1486 	1894 	1893
f 1486 	1893 	1487
f 1486 	1889 	1894
f 1487 	1898 	1897
f 1487 	1893 	1898
f 1488 	1903 	1902
f 1488 	1902 	1489
f 1903 	1488 	1897
f 1487 	1897 	1488
f 1489 	1906 	1905
f 1489 	1905 	1490
f 1489 	1902 	1906
f 1490 	1910 	1909
f 1909 	1877 	1490
f 1490 	1905 	1910
f 1481 	1490 	1877
f 1491 	1914 	1913
f 1914 	1491 	1875
f 1481 	1875 	1491
f 1491 	1913 	1915
f 1491 	1915 	1523
f 1492 	1920 	1919
f 1920 	1492 	1921
f 1513 	1921 	1492
f 1492 	1919 	1883
f 1492 	1883 	1483
f 1504 	1931 	1930
f 1504 	1930 	1852
f 1504 	1852 	1068
f 1506 	1934 	1933
f 1506 	1933 	1507
f 1934 	1506 	1850
f 1068 	1850 	1506
f 1507 	1938 	1937
f 1507 	1937 	1508
f 1507 	1933 	1938
f 1508 	1941 	1940
f 1508 	1940 	1510
f 1508 	1937 	1941
f 1944 	1943 	1510
f 1510 	1940 	1944
f 1513 	1511 	1947
f 1948 	1947 	1511
f 1943 	1948 	1511
f 1943 	1511 	1510
f 1950 	1921 	1513
f 1947 	1950 	1513
f 1523 	1953 	1952
f 1523 	1952 	1524
f 1523 	1915 	1953
f 1524 	1956 	1955
f 1524 	1955 	1525
f 1524 	1952 	1956
f 1525 	1963 	1962
f 1525 	1962 	1526
f 1525 	1955 	1963
f 1526 	1968 	1967
f 1526 	1962 	1968
f 1527 	1973 	1972
f 1973 	1527 	1967
f 1526 	1967 	1527
f 1528 	1978 	1977
f 1977 	1870 	1528
f 1978 	1528 	1972
f 1527 	1972 	1528
f 1071 	1528 	1870
f 1529 	1989 	1987
f 1529 	1867 	1989
f 1530 	1994 	1993
f 1530 	1993 	1531
f 1994 	1530 	1987
f 1529 	1987 	1530
f 1531 	2001 	1999
f 1531 	1999 	1533
f 1531 	1993 	2001
f 1533 	2007 	2006
f 1533 	1999 	2007
f 1536 	1534 	2117
f 2118 	2117 	1534
f 2118 	1534 	2006
f 1533 	2006 	1534
f 2121 	2120 	1536
f 2117 	2121 	1536
f 1536 	2120 	1504
f 1931 	1504 	2120
f 1555 	1554 	1873
f 1846 	1873 	1554
f 1552 	1555 	2131
f 1873 	2131 	1555
f 1553 	1552 	2133
f 2131 	2133 	1552
f 2133 	1846 	1553
f 1553 	1846 	1554
# 635 faces

g group_0_-2235676

usemtl color_-2235676
s 0

f 1176 	1141 	972
f 898 	1142 	899
f 1147 	903 	902
f 904 	903 	1147
f 1149 	905 	904
f 1149 	1150 	906
f 1149 	906 	905
f 1150 	1151 	906
f 1157 	954 	952
f 1157 	955 	954
f 1158 	956 	955
f 957 	956 	1160
f 1160 	1161 	959
f 1160 	959 	957
f 1161 	960 	959
f 1154 	1155 	951
f 1170 	966 	965
f 967 	966 	1170
f 971 	970 	1174
f 1176 	972 	971
f 898 	972 	1141
f 1143 	899 	1142
f 900 	899 	1143
f 900 	1144 	901
f 1145 	901 	1144
f 901 	1145 	902
f 910 	908 	1153
f 951 	910 	1154
f 1153 	1154 	910
f 964 	951 	1155
f 955 	1157 	1158
f 956 	1159 	1160
f 1161 	1162 	960
f 1162 	961 	960
f 962 	1165 	963
f 1166 	1115 	963
f 964 	1168 	965
f 1169 	965 	1168
f 1170 	965 	1169
f 1171 	967 	1170
f 1171 	573 	967
f 968 	967 	573
f 573 	969 	968
f 1174 	970 	969
f 1142 	898 	1141
f 900 	1143 	1144
f 902 	1145 	1146
f 1146 	1147 	902
f 904 	1147 	1148
f 1148 	1149 	904
f 1152 	908 	1115
f 907 	1115 	908
f 1152 	1153 	908
f 1168 	964 	1155
f 1151 	1156 	952
f 952 	906 	1151
f 1156 	1157 	952
f 956 	1158 	1159
f 961 	1162 	1163
f 1163 	1165 	962
f 1163 	962 	961
f 1166 	963 	1165
f 907 	963 	1115
f 573 	1173 	969
f 1173 	1174 	969
f 1175 	971 	1174
f 971 	1175 	1176
f 1289 	1577 	1247
f 1247 	1578 	1248
f 1583 	1252 	1251
f 1584 	1253 	1252
f 1584 	1252 	1583
f 1584 	1254 	1253
f 1587 	1255 	1586
f 1254 	1586 	1255
f 1257 	1255 	1588
f 1587 	1588 	1255
f 1588 	1258 	1257
f 1261 	1592 	1262
f 1262 	1592 	1264
f 1593 	1264 	1592
f 1593 	1594 	1264
f 284 	1268 	1267
f 1599 	1600 	1270
f 1633 	1287 	1284
f 1287 	1633 	1289
f 1493 	1494 	1495
f 1493 	1495 	1496
f 1493 	1496 	1497
f 1498 	1503 	1497
f 1499 	1502 	1498
f 1500 	1501 	1499
f 1502 	1499 	1501
f 1503 	1498 	1502
f 1493 	1497 	1503
f 1517 	1550 	1516
f 1515 	1516 	1550
f 1518 	1550 	1517
f 1514 	1515 	1550
f 1519 	1550 	1518
f 1520 	1550 	1519
f 1522 	1550 	1520
f 1538 	1550 	1522
f 1540 	1541 	1539
f 1538 	1539 	1541
f 1538 	1541 	1542
f 1538 	1542 	1543
f 1538 	1543 	1544
f 1538 	1544 	1545
f 1538 	1545 	1546
f 1538 	1546 	1547
f 1538 	1547 	1548
f 1538 	1548 	1549
f 1538 	1549 	1550
f 1495 	1494 	1550
f 1494 	1514 	1550
f 1579 	1248 	1578
f 1249 	1248 	1579
f 1249 	1580 	1250
f 1581 	1250 	1580
f 1250 	1581 	1251
f 1258 	1589 	1260
f 1265 	1264 	1594
f 1266 	1265 	1595
f 1594 	1595 	1265
f 1595 	1596 	1266
f 1269 	1268 	1598
f 1598 	1599 	1269
f 1270 	1269 	1599
f 1274 	1270 	1600
f 284 	1267 	1273
f 1274 	1603 	1275
f 1627 	1275 	1603
f 1276 	1275 	1627
f 1279 	1629 	1280
f 1281 	1280 	1631
f 1281 	1631 	1284
f 1632 	1284 	1631
f 1633 	1284 	1632
f 1634 	1577 	1289
f 1249 	1579 	1580
f 1251 	1581 	1582
f 1582 	1583 	1251
f 1585 	1254 	1584
f 1585 	1586 	1254
f 1258 	1588 	1589
f 1589 	1590 	1260
f 1260 	1590 	1261
f 1591 	1261 	1590
f 1591 	1592 	1261
f 284 	1597 	1268
f 1597 	1598 	1268
f 1603 	1274 	1600
f 1272 	1266 	1596
f 1601 	1272 	1596
f 1601 	1602 	1273
f 1601 	1273 	1272
f 1602 	284 	1273
f 1276 	1627 	1628
f 1279 	1276 	1629
f 1628 	1629 	1276
f 1884 	1493 	1503
f 1884 	1503 	1887
f 1503 	1502 	1891
f 1503 	1891 	1887
f 1502 	1501 	1895
f 1502 	1895 	1891
f 1501 	1500 	1900
f 1501 	1900 	1895
f 1629 	610 	1280
f 1280 	610 	1631
f 1500 	1499 	1904
f 1500 	1904 	1900
f 1499 	1498 	1907
f 1499 	1907 	1904
f 1498 	1497 	1911
f 1498 	1911 	1907
f 1497 	1496 	1878
f 1497 	1878 	1911
f 1496 	1495 	1912
f 1496 	1912 	1878
f 1495 	1916 	1912
f 1494 	1918 	1917
f 1494 	1493 	1884
f 1494 	1884 	1918
f 1929 	1928 	1522
f 1538 	1522 	1928
f 1522 	1520 	1853
f 1522 	1853 	1929
f 1519 	1932 	1853
f 1519 	1853 	1520
f 1519 	1518 	1936
f 1519 	1936 	1932
f 1518 	1517 	1939
f 1518 	1939 	1936
f 1517 	1516 	1942
f 1517 	1942 	1939
f 1515 	1946 	1942
f 1515 	1942 	1516
f 1514 	1949 	1946
f 1514 	1946 	1515
f 1917 	1949 	1514
f 1917 	1514 	1494
f 1954 	1916 	1550
f 1495 	1550 	1916
f 1550 	1549 	1957
f 1550 	1957 	1954
f 1549 	1548 	1965
f 1549 	1965 	1957
f 1548 	1547 	1969
f 1548 	1969 	1965
f 1547 	1546 	1974
f 1547 	1974 	1969
f 1546 	1545 	1979
f 1546 	1979 	1974
f 1545 	1544 	1871
f 1545 	1871 	1979
f 1544 	1543 	1986
f 1544 	1986 	1871
f 1543 	1542 	1995
f 1543 	1995 	1986
f 1542 	1541 	2002
f 1542 	2002 	1995
f 1289 	1633 	1634
f 1578 	1247 	1577
f 902 	1417 	901
f 900 	1417 	899
f 901 	1417 	900
f 898 	899 	1417
f 972 	898 	1417
f 955 	956 	1417
f 956 	957 	1417
f 961 	1417 	960
f 906 	1417 	905
f 959 	960 	1417
f 957 	959 	1417
f 905 	1417 	904
f 967 	968 	1417
f 903 	1417 	902
f 954 	955 	1417
f 908 	910 	1417
f 961 	962 	1417
f 906 	952 	1417
f 952 	954 	1417
f 962 	963 	1417
f 910 	951 	1417
f 963 	907 	1417
f 908 	1417 	907
f 966 	1417 	965
f 967 	1417 	966
f 968 	969 	1417
f 969 	970 	1417
f 904 	1417 	903
f 970 	971 	1417
f 971 	972 	1417
f 965 	1417 	964
f 951 	964 	1417
f 1254 	2116 	1253
f 1253 	2116 	1252
f 1252 	2116 	1251
f 1249 	1250 	2116
f 1251 	2116 	1250
f 1257 	2116 	1255
f 1258 	2116 	1257
f 1262 	2116 	1261
f 1266 	2116 	1265
f 1272 	2116 	1266
f 1264 	1265 	2116
f 1255 	2116 	1254
f 1248 	1249 	2116
f 1262 	1264 	2116
f 1541 	1540 	2008
f 1541 	2008 	2002
f 1268 	1269 	2116
f 1539 	2119 	2008
f 1539 	2008 	1540
f 1538 	2122 	2119
f 1538 	2119 	1539
f 1928 	2122 	1538
f 1258 	1260 	2116
f 1261 	2116 	1260
f 1273 	1267 	2116
f 2116 	1272 	1273
f 1267 	1268 	2116
f 1276 	2116 	1275
f 1248 	2116 	1247
f 1281 	1284 	2116
f 1280 	1281 	2116
f 1284 	1287 	2116
f 1247 	2116 	1289
f 1287 	1289 	2116
f 1279 	2116 	1276
f 1269 	1270 	2116
f 1280 	2116 	1279
f 1270 	1274 	2116
f 1275 	2116 	1274
# 296 faces

g group_0_-7005663

usemtl color_-7005663
s 0

f 993 	1005 	992
f 997 	995 	996
f 1001 	997 	996
f 998 	1005 	993
f 999 	995 	993
f 998 	993 	995
f 998 	995 	997
f 992 	1005 	1000
f 1003 	1002 	1005
f 1003 	1001 	1002
f 1003 	997 	1001
f 1004 	1000 	1002
f 1000 	1005 	1002
f 1003 	1013 	997
f 1012 	997 	1013
f 1014 	998 	997
f 1012 	1014 	997
f 1005 	998 	1018
f 998 	1014 	1018
f 1013 	1003 	1018
f 1018 	1003 	1005
f 1022 	1038 	1021
f 992 	1000 	1023
f 1021 	1025 	1022
f 1024 	1022 	1025
f 992 	1023 	1026
f 992 	1026 	993
f 1033 	1041 	1024
f 1023 	1042 	1026
f 1029 	1030 	1028
f 1027 	1028 	1030
f 1032 	1029 	1031
f 1028 	1031 	1029
f 1028 	1043 	1031
f 1027 	1043 	1028
f 1031 	1024 	1025
f 1031 	1025 	1032
f 993 	1026 	999
f 1035 	995 	1033
f 996 	995 	1035
f 1034 	1033 	995
f 1001 	996 	1035
f 1024 	1031 	1033
f 1035 	1033 	1031
f 995 	1026 	1034
f 999 	1026 	995
f 1036 	1027 	1030
f 1036 	1030 	1037
f 1039 	1020 	1038
f 1020 	1021 	1038
f 1040 	1023 	1000
f 1041 	1033 	1042
f 1034 	1042 	1033
f 1038 	1022 	1041
f 1022 	1024 	1041
f 1034 	1026 	1042
f 1040 	1042 	1023
f 1036 	1037 	1038
f 1039 	1038 	1037
f 1004 	1040 	1000
f 1041 	1042 	1002
f 1001 	1043 	1002
f 1041 	1002 	1043
f 1035 	1043 	1001
f 1035 	1031 	1043
f 1027 	1036 	1043
f 1041 	1043 	1036
f 1041 	1036 	1038
f 1042 	1040 	1002
f 1004 	1002 	1040
# 70 faces

g group_0_-10393750

usemtl color_-10393750
s 0

f 2243 	2244 	2242
f 2247 	2248 	2246
f 2248 	2242 	2246
f 2242 	2248 	2243
f 2248 	2247 	2244
f 2248 	2244 	2243
# 6 faces

 #end of obj_0

